pca1,pca2,pca3,label
0.32490269350408485,-0.08546439651392979,0.3324797659421285,blues
-0.13083882289423063,-0.251977747369282,-0.09738086415183435,blues
0.30689015284824683,-0.17022127905998624,0.23492697341693988,blues
-0.10882494923926024,-0.22708165295646424,0.20822351255057556,blues
-0.07368703160207754,-0.31305482319994643,0.058281004368729766,blues
-0.193116000386276,-0.1346574731866132,-0.22369691270992625,blues
-0.151431772364373,-0.10081839001669034,-0.25074336005089365,blues
-0.19760080429094326,-0.2246674890131666,-0.19686558706065813,blues
0.34760041560795163,-0.0692013307858406,0.1781107452608373,blues
-0.1989635715908102,-0.2795324418810869,-0.06226892009614979,blues
-0.21003719703715795,-0.2331247758703098,0.04762281397362461,blues
-0.26255733659319924,-0.24719207962749004,-0.07837133659464193,blues
-0.17055724954307383,-0.3347068148803293,0.028486235446325527,blues
-0.09673409419829562,-0.34287991261814765,0.1675946691509961,blues
-0.23816811351717115,-0.2478148367834377,-0.12055844800064353,blues
-0.22548593571101855,-0.33166629466720055,0.043755625907080826,blues
-0.16791022773343198,-0.2921270363720383,-0.03449919223505362,blues
-0.2255829872553517,-0.34738825139945106,0.09191524540595297,blues
-0.17031734124438033,-0.23876412691775642,-0.06725305721447684,blues
-0.22092371440145692,-0.35439107525605545,-0.03281000186970777,blues
0.012379695333664691,-0.3221973876423725,0.2866905735025459,blues
-0.2275677899515466,-0.30789453720346105,-0.09411730883671277,blues
-0.2551999441955509,-0.3020885970077906,-0.12110733682477276,blues
-0.1952847210925886,-0.31976526692810014,0.04764321737984696,blues
-0.23474491663183603,-0.28178247749305335,0.011129725271098376,blues
-0.2414149947509619,-0.27891416500660204,0.00467273410966614,blues
-0.2568292205472404,-0.23893988993930304,-0.14004785891463534,blues
-0.2096608409214286,-0.3090379659782873,0.08955632002579114,blues
-0.22365660225545408,-0.30990402254653565,0.12962938585834108,blues
-0.15356493015161704,-0.19948400102299613,-0.217270580144868,blues
-0.1359696193850657,-0.16511086063403477,-0.1994624590161264,blues
-0.1383364781247774,-0.18722902124895377,-0.22223378173526379,blues
-0.1635492348576375,-0.1591977783739528,-0.22945449619144964,blues
-0.1407667137577403,-0.15965119280462023,-0.23887192846641628,blues
-0.12489989030253001,-0.21794288545528587,-0.18861002837118385,blues
-0.08446631612419943,-0.15905012788596554,-0.1257949937567781,blues
-0.1200185941959997,-0.16960535703980337,-0.19293919206739674,blues
-0.1817752986064865,-0.19926509995311498,-0.2609781395126813,blues
-0.10658159793181617,-0.15450127777607306,-0.1878578524649827,blues
-0.18974116672610414,-0.21801389773592292,-0.18756130076585983,blues
0.37228252406121237,0.009999713666222314,-0.08422608621496853,blues
0.33971785051620923,0.0017768933506603077,-0.1209354018841345,blues
0.12188645900961818,-0.06316601740132165,-0.1417192127234893,blues
0.3821139612050009,-0.01120833819629275,-0.06178779356256813,blues
0.2531340062438417,-0.038635619591025,-0.12391425129445967,blues
0.16607125092996342,-0.020227221922133966,-0.05672900505129863,blues
0.23033720632292276,-0.03707139728708206,0.004863695682567749,blues
0.23741633915147542,-0.045121603697005706,0.008362103599836756,blues
0.4225655003315174,-0.04520243079353492,0.0045527608976064565,blues
-0.035644114272094615,-0.2231643202217854,0.03884899563530771,blues
0.47194171979095817,0.03237601443156491,0.1381439618076688,blues
0.4682573982355289,-0.017264539623308414,0.025517508633290286,blues
-0.2015701849617656,-0.21946572621164434,0.0077656311386307,blues
0.29975888691210223,-0.017109958136935267,-0.008639935438177707,blues
0.4705284270295316,0.06293912584273101,0.05578890356917345,blues
0.35491765161205213,0.012259914722205032,0.06454742371428136,blues
0.0627564277542982,-0.1691472523168597,0.03013141065375333,blues
0.2022420968086678,-0.08559719000419158,0.05576907593576197,blues
0.2958480472211929,-0.09049549173293074,0.10326551380036754,blues
0.4483185561364488,0.08869493348517245,0.060165505979281636,blues
0.4894107891189496,0.05236180098838234,0.07674936476874604,blues
0.44335328997076767,0.03266570168181854,-0.039543198699486935,blues
0.0542359525661233,-0.1808833335280865,-0.19384874749482806,blues
0.3436733264055461,-0.0464930960703191,-0.12618369436880514,blues
0.5050690312079228,0.038928797569154384,-0.059998759323445304,blues
0.3271096643729581,-0.0770211805793606,-0.14845830049706987,blues
0.36284131245732565,-0.10816774080040932,-0.0654265381035175,blues
0.38250357304665,-0.08822711251383047,-0.07920477796404052,blues
0.4596976783950902,-0.018866943122310156,-0.029534149277315798,blues
0.22894707095896602,-0.15423668347318706,-0.04122874416609756,blues
0.27587020761445785,-0.199577284927097,-0.014720639241269177,blues
0.5415267766930114,0.035594867972495586,-0.025332174173074817,blues
0.3442374644847386,-0.0029636679743399773,-0.09706122344378916,blues
0.3861843213675539,0.1031691698614809,0.03114828621087597,blues
0.4171411170515707,0.092451266266888,0.00590437784135984,blues
0.1717889637910326,0.04023218780016978,-0.18767366054670306,blues
0.06483741991280786,-0.0022170727275118217,-0.2402588507647202,blues
0.5156197424505573,0.1177764879955852,-0.04095563276016069,blues
0.5218490854589936,0.1237888386327338,-0.04416562309105934,blues
0.4688405070464806,0.1313331710935874,-0.11290844963712564,blues
0.24525478639752732,-0.03667864194933105,0.012415506507078247,blues
0.4640327360005754,0.05953043107136192,-0.019642068954411986,blues
0.4047754390807767,-0.0067208954516661925,-0.04573054188246729,blues
0.5266898889328224,0.17202141679364605,-0.04559923260369434,blues
0.4306573220784748,0.08084033803804203,-0.0016962931155708892,blues
-0.19055375960511559,-0.2885520163202532,-0.21683296537416982,blues
-0.2538760411425952,-0.27030793776148937,-0.09314654851336367,blues
-0.12900345595815702,-0.29828033172713736,-0.10877461175434328,blues
-0.05435260941085331,-0.2606348224509106,0.2666644364068484,blues
-0.2656017129859538,-0.29227364249092,0.037287637887242125,blues
-0.19365739545153932,-0.25198347845829394,-0.2085998140640572,blues
-0.15861884849819893,-0.2848043636526329,0.14717766597268425,blues
-0.26124541288031056,-0.2598741205283151,-0.1173110693404988,blues
-0.1665249628726248,-0.20679069912304154,0.14769445672495465,blues
-0.21357121973970788,-0.23731221652538692,0.028702099677490517,blues
-0.055748324796779894,-0.25924579744164294,0.026175307903609522,blues
-0.18381838480836024,-0.26094531837270885,-0.22261918693510238,blues
-0.10405821389461914,-0.2272934286882801,-0.018811316580935232,blues
0.5925740133030614,0.05289880896648478,0.006821386889374944,blues
-0.08332654275666154,-0.267355204662484,0.03858052858177052,blues
-0.11570330066156247,-0.31919466243845995,-0.10684993506317803,classical
-0.1717839539231648,-0.3117511374433515,-0.1377436015408968,classical
0.11219776173338263,-0.3420758290901988,0.19096583519038557,classical
-0.1811903985584886,-0.2891208483288544,-0.16080513817773398,classical
-0.08620878536144848,-0.2908646117619959,-0.0989969642042262,classical
-0.045259364066076384,-0.4160666125265773,0.2170028488288357,classical
-0.0871461285312777,-0.4157166431754724,0.15688714835467443,classical
-0.14792644790792125,-0.34009233908799774,0.009446643721100807,classical
-0.1423137344677499,-0.3584687750341876,-0.10253983233648707,classical
-0.0770103948731317,-0.3705677184601811,0.15005713060638884,classical
-0.16738726561631068,-0.39122908432981696,-0.08240211266055332,classical
-0.18659748535504747,-0.3900864382666283,0.20299073375716944,classical
-0.15409952585518755,-0.1647747785760201,-0.2523660657363466,classical
-0.21148951893957912,-0.35781890100892183,-0.14626193519080885,classical
-0.19216922016382304,-0.4331016006690834,0.07391759380439558,classical
-0.12452699147685467,-0.07764008665971592,-0.2637820703546894,classical
-0.15473852974647978,-0.41753536535596686,0.11845482013571913,classical
-0.1893403054145209,-0.33366760693587255,-0.11998034400638768,classical
-0.23770340043565183,-0.32819167571594116,-0.09950602491811134,classical
-0.191878275400801,-0.2743276497292839,-0.187413945494722,classical
-0.17986806044561868,-0.4940125720532248,0.1458519040041916,classical
-0.16686668141723163,-0.4089177497689469,0.0926504939548728,classical
-0.10210857520460989,-0.4358891522477397,0.28069508796106485,classical
-0.1324408352450288,-0.36783144729961276,0.08933369138002144,classical
-0.02559775659878564,-0.40404898100598063,0.3165829159034517,classical
0.015171532581900947,-0.34667265574483414,0.33973181523987134,classical
-0.2218219511349404,-0.3738494551687077,-0.03308995074247633,classical
-0.1253673180168598,-0.4715583687761223,0.22909945894798237,classical
-0.14194443885413058,-0.4448429876105872,0.2944137237265892,classical
-0.17813335595792557,-0.255710592166046,-0.22564211327902503,classical
-0.14105852348364503,-0.4274920554652894,0.30275076563009606,classical
-0.2157903829970054,-0.42928395927285945,0.23039178064693167,classical
-0.11586579159815184,-0.26425617686736963,0.13438500350510182,classical
-0.1924636136932929,-0.2489037921570155,-0.14003697991969136,classical
-0.1645194850102264,-0.21058320936830177,-0.22973704569778147,classical
-0.22352958288556107,-0.4280348904430857,0.20294426764785775,classical
-0.19784873818353116,-0.29914562296087877,0.006818123859951048,classical
-0.18996022440373583,-0.3608349759706196,0.03772956640403498,classical
-0.162860860812334,-0.45538103954276116,0.2954550768858981,classical
-0.19373680765691567,-0.23104122735762475,-0.20130358100653703,classical
-0.14821545508437364,-0.15553466166418117,-0.19724218231923854,classical
-0.1866265637237369,-0.26856342154793245,-0.10422888472019731,classical
-0.0776129719687697,-0.1913251537586014,0.12232081205256502,classical
-0.18041777021053843,-0.3262274560211101,0.1769857264433268,classical
-0.2191009747773738,-0.3151038806490664,-0.16590683220229652,classical
-0.1505286689679486,-0.32327629304337746,0.13742986019013964,classical
0.0883610317581651,-0.01375003596859245,0.42306853688652635,classical
-0.15240863044506572,-0.35270410376095324,0.19776650054774395,classical
-0.16903082721750426,-0.14252176833452837,0.1470779245324493,classical
0.011968191505081641,0.08691008896005543,0.49818659749716004,classical
-0.11116221073493356,-0.26963311073193164,0.2188186117857206,classical
-0.13718056403707268,-0.08261448645730589,-0.11615761689116577,classical
-0.21734624522476428,-0.10815921097796079,-0.004882638759099404,classical
-0.03182153286573713,-0.08760260168379841,0.14719844960170347,classical
-0.11634965428714922,-0.05916739037526559,-0.25633355086851395,classical
-0.17153393906191733,-0.20178778076410522,-0.17181101065797025,classical
0.06471717829284825,-0.04957601934254407,0.26556412632488263,classical
-0.23019968941409755,-0.2617996456067908,-0.1557302568944742,classical
-0.20490018900778917,-0.32204272394107913,-0.008047709201787951,classical
-0.10304090476236062,-0.2483436175111389,0.43074579377333166,classical
-0.06266984642225261,-0.14954916549225905,0.48846527551992697,classical
-0.2402479511189604,-0.3839885716735832,0.1830486542840896,classical
-0.1951949680726111,-0.17213135385209052,0.09369365142759477,classical
-0.17738788177687742,-0.3123569124208139,0.1491368640588076,classical
-0.23373912044564976,-0.2616017859741846,0.10767710533125809,classical
-0.21152488692193924,-0.3158122195413198,-0.0864008891397903,classical
-0.22294519040718094,-0.37527584793469804,-0.003384302332884971,classical
-0.2217435980350468,-0.1678843492656183,-0.11539639956894737,classical
-0.1560562633281481,-0.30065566755890755,0.13921018067601354,classical
-0.1565018697683485,-0.23384035848959517,-0.0470042184937351,classical
-0.1972594405501438,-0.36673651425684795,0.29737153188457216,classical
-0.20174050925449474,-0.3751975536449579,0.14183491594329883,classical
-0.18670822983341617,-0.2983241382024123,0.09440328791946816,classical
-0.20925759494636656,-0.3270815024202782,-0.08549741101074032,classical
-0.15206826274493535,-0.3307653261459936,0.31160604546495724,classical
-0.176129160064114,-0.22588503605595606,-0.18495274596858852,classical
-0.1336212897342959,-0.31916614795687054,0.3251616897530329,classical
-0.2140570344894602,-0.32202036671641354,-0.07599333192713438,classical
-0.1749948447112263,-0.30972382839609636,0.08930928345977315,classical
-0.19373200228844786,-0.28159267199902427,-0.14379712612042322,classical
-0.15770720117900647,-0.1474390194072106,0.042006075932032996,classical
-0.16736378851316275,-0.3534977163955526,0.34249683371881207,classical
-0.1807236267530054,-0.3081611605183477,0.055811815178790705,classical
-0.17634994660713454,-0.3422795972534255,0.13239357213578834,classical
-0.17885016224867398,-0.36387819051961673,0.21735843339969516,classical
-0.16683287568658736,-0.2676513653726703,0.31044995196495645,classical
-0.15299247207889108,-0.3249069684509317,0.35479291334621654,classical
-0.17824539163087413,-0.3642246427891543,0.22222101440153252,classical
-0.14638211631545675,-0.3303799457964505,0.32735662922812164,classical
-0.11193158151943608,-0.0488991298246823,-0.24857760756502756,classical
-0.11436107371071413,-0.13757865876064007,-0.23161952091340077,classical
-0.11765367367881074,-0.1351604218463716,-0.26973789310201624,classical
-0.11660957763934736,-0.059054403073067946,-0.25651069736164145,classical
-0.14955231870627886,-0.23315638255867674,-0.19989255440005244,classical
-0.09844371264698826,-0.26490071090717154,-0.03174725831846004,classical
-0.16927687179399808,-0.1714351907234694,-0.24065968547379155,classical
0.07085307626629697,-0.245846596490766,0.10860541323477192,classical
-0.14318276942873345,-0.3425279899459271,0.04452292294838921,classical
0.004401769129532119,-0.21245425620928293,-0.06342032742545733,classical
0.1098250697081759,-0.15415188845326214,-0.03899464823779009,classical
-0.10552408977131739,0.36374473567504734,0.1401975972448901,country
0.0038643525618853973,0.39942269945434167,0.23697723999441367,country
-0.09143606104225142,0.12438974174848055,0.20612134895483492,country
-0.1573054244077182,0.1532224700106306,0.1969689465993978,country
0.011278585103033176,0.4158599362788369,0.26780103032564384,country
-0.05421285075791531,0.3652994547397516,0.16726855519571535,country
-0.09431382317103618,0.34781951590463395,0.20040683553156444,country
-0.0331868610702893,0.40063395575966976,0.1977355000828808,country
-0.07406321439814126,0.1806661484235322,-0.02636607018449988,country
0.010070740017556798,0.4400920083138983,0.1648124278618471,country
-0.2918328753029325,-0.20595510214513882,0.10317349485727435,country
-0.32152252168643014,0.0007890423009362558,-0.28072252669657183,country
-0.22734637241594238,-0.13346170546219627,0.3529693272245099,country
-0.22242589375103394,0.25829898046683664,0.3878901892880126,country
-0.264840056120563,0.3371746396648688,0.31963387379820574,country
0.07110745244266725,-0.03305602948227232,0.42534995680284904,country
-0.10746792628560585,-0.2795507143389188,0.26575087911274564,country
-0.11679304273279839,-0.1174671960053318,0.4606245699193674,country
-0.15070808819536616,0.00549478704711753,0.411514396406905,country
-0.23555952085417978,-0.3376989393201928,0.19612193903481026,country
-0.21178573293423844,0.025998507803115325,0.029611327929185284,country
-0.17649214175655073,-0.3689441263550642,0.24991604204574558,country
-0.21959182275701947,-0.22063708022928516,0.10519728543921655,country
-0.3121666878577507,-0.21961528513322032,0.11136240788787735,country
-0.2061686125717083,-0.24005517043819918,0.07351649048525064,country
-0.21574782084570282,-0.19708941275312128,0.29836481618898786,country
-0.26130924118609455,-0.2790307803602096,0.14893763794698048,country
-0.13853245738866876,-0.030162957027056514,0.3772109767899313,country
-0.17045167808177983,-0.2507213275903505,0.4031474355439276,country
-0.1324741431748867,-0.2777306559159787,0.393636515695991,country
-0.2587712337330866,-0.2969458003043051,0.05664785711810219,country
-0.17768824791490698,3.678399441423534e-05,0.44156481989456164,country
-0.24051208031823507,-0.17047827170600427,0.18266839098404444,country
-0.2583362201755861,-0.00799202923370462,0.20240528908142466,country
-0.35674020232010334,0.12401443328712353,0.15659250051977713,country
-0.2441667653767188,0.06491444884117949,0.23141549569268888,country
-0.24047485310685005,-0.24339857406179435,0.06408652394340407,country
-0.2868698871035588,0.01416128002399934,0.3120306559683365,country
-0.23607779304650411,0.2550920662120434,0.3570828970984879,country
-0.17104121487020346,0.4167501524805071,0.20926470419920756,country
-0.1707457795638767,0.0892409541700732,0.4300472828350096,country
-0.29562036143386566,0.2670680330399093,0.2393900447477599,country
-0.10316609072177159,0.12269270769510661,0.3855307065418736,country
-0.16398485136460142,0.24205790895895904,0.4693982433172552,country
-0.317413267896233,-0.05447820402298364,-0.00951812563031389,country
-0.2938262039684813,0.21822210122048769,0.13550506510015026,country
-0.17597363085065584,-0.11910657639807987,0.17813991361878562,country
-0.08880938684039588,-0.22411252920183788,0.3015629684148183,country
-0.2843967866262777,-0.09243644010638387,0.23168484922746288,country
-0.15611270551607742,-0.1531557065022729,0.4896124707741961,country
0.23461503207986573,-0.2512215762875391,-0.014893597869281738,country
-0.026858497212147916,-0.36549435145451786,-0.03727367244953153,country
-0.11252581545653252,-0.337800625327,-0.06109314702843274,country
0.5839150960918724,-0.003312831566230379,0.03645417819258535,country
0.2102331033070011,-0.23848186828692078,0.07718937154734944,country
0.5181069193584152,-0.03253765536677567,0.09493053842494131,country
0.07001405228807443,-0.26604428870536595,-0.05860528289374828,country
0.13332105761399457,-0.26081641217630175,0.054033038651402195,country
0.3957543221879745,-0.09845694503716473,0.10288889310421771,country
-0.141272453373842,-0.2218669550093545,-0.31626603634119616,country
-0.04927346751171978,-0.2319030049769314,-0.12134779829250814,country
0.07261925310182152,-0.3033726627388183,0.03106765231542587,country
0.5102108557288142,-0.015725476139127254,-0.01237766325776726,country
-0.1720759397824266,-0.20997130115853788,-0.3143207150844543,country
-0.09424131354045716,-0.3070870627000555,-0.16751545099361098,country
-0.22644817029473277,-0.35136796871416304,-0.00022585729510132675,country
0.2722813993141003,-0.16144984233983958,0.19912918284488365,country
-0.22047414905025453,-0.28157477730468444,-0.14052498428131113,country
-0.09614837458960639,-0.32449946744464364,0.2770879026525297,country
-0.14063749499714148,-0.38501063665202667,0.11079557789000069,country
0.2891528806176238,-0.12388468947758087,0.22385860245357742,country
-0.17968243673151021,-0.26890984618585945,-0.12695229318651965,country
0.26366094265290874,-0.2169674197506112,0.08583409432172996,country
0.10046484725997966,-0.29990275189803983,0.17221562590972625,country
-0.17345307881686456,-0.30755917861891346,-0.183998262724122,country
0.49595040785241346,0.04624531794176893,0.07412470593627968,country
-0.20009957228898348,-0.3012252220863902,-0.18405228461405157,country
0.21853356047390352,-0.2471277725209476,0.17324266174817235,country
-0.26135287847969635,-0.331817919079227,0.05032488216567084,country
-0.2063451289767731,-0.3043003001534208,-0.1782132132711398,country
0.2972211968721509,-0.07537700530392952,-0.04789419734395465,country
0.3942874416167393,-0.047834473784206376,-0.00017538085895095574,country
0.4747974054958132,-0.019225816985322677,-0.05832650688662065,country
0.054719610085483594,-0.3385335904679617,0.1216685630643393,country
0.2635001108968836,-0.15721433074721844,0.019026208383004083,country
0.09523158086963612,-0.2586792109184468,-0.010662320900592579,country
0.23117062148426187,-0.23152484703227608,-0.05460212489490649,country
-0.016000089692975027,-0.37061088123331776,-0.030089161981899006,country
0.20468882935149915,-0.21533693035347912,0.07906482981874169,country
-0.16648387124622308,-0.38016753029204875,-0.16287422626137182,country
0.41804666756787723,-0.10908818662079114,0.10705318910517495,country
-0.1681751694489127,-0.3668155763635844,-0.18472599295108935,country
0.5993424210424168,0.08572456369910188,0.0438657499332431,country
-0.13963811209280957,-0.3978319859529282,-0.045549731173965824,country
0.13059915344891584,-0.18357957395666194,0.14052225152137843,country
-0.04365969594953653,-0.21280915554340923,0.07280973597745237,country
0.3017496558444078,-0.06488233896516209,0.07820159831293562,country
0.0006087746660284088,-0.2545161013563548,0.01749058729836904,country
-0.020651254160807406,-0.3239982430055131,0.12495094630674729,country
0.5216387503167741,0.06106977298164161,0.048244138949475726,country
-0.24958687857916753,0.23670655990181796,0.18330708715461785,disco
-0.09844392343217656,0.4274588524030316,0.1716963929596836,disco
-0.2090955174608331,0.4677308599240454,0.24060532340714014,disco
-0.02111955378643186,0.3730184247994136,0.08170448853548734,disco
-0.26273101216527084,0.47139359458767766,0.2851082931654299,disco
-0.10644377514614407,0.347861061217837,0.18652281720485375,disco
0.07893937342894441,0.352514309042192,0.25976555926913186,disco
-0.17850427156079063,0.47259952653130644,0.27640155223995655,disco
-0.07882279371675908,0.31513043367290616,0.0757997951486832,disco
-0.12170574164078866,0.3297668860376199,0.3624811185839729,disco
-0.050320688826208784,0.4408563401902627,0.18871636542397652,disco
-0.19009600594976692,0.3355318758971586,0.20579507451688467,disco
-0.16562283184954074,0.3713627826359637,0.1359534925408263,disco
-0.17913718514027793,0.38925066607917974,0.21168356957328485,disco
0.04920678321836812,0.4183211867331799,0.32615050178043875,disco
-0.2740031780749652,0.2752493148989325,0.20795570680272737,disco
-0.08124581288022206,0.31485374135009186,0.23709604555552125,disco
-0.27483840412674193,0.25061262953012337,0.3065950820480013,disco
-0.3009230165520699,0.24151323850236214,-0.07724172932489655,disco
-0.22845036006414124,0.09809815021272604,0.03509937227168304,disco
-0.05188220475554529,-0.060114716740160994,0.31670580090416833,disco
-0.2711027169158806,0.3537726152352253,0.2399226465049241,disco
-0.23103505193659685,0.5018862625111087,0.19766065430445962,disco
-0.24992857746964264,0.40177899095392205,0.02563648059003805,disco
-0.176445181543773,0.3071419715935412,0.3455886636357005,disco
-0.3016319828388734,0.08987874061324856,0.25420797442053,disco
-0.28663195063807756,0.43470924549056333,0.1949122534021981,disco
-0.33604695485708574,0.23646554069083184,-0.16137708470600093,disco
-0.1908831440862566,0.4657179160427015,0.04674054739779939,disco
-0.3088320274551291,0.29823709420253897,0.18472370250698122,disco
-0.18846229048107235,0.46003346885661905,0.2595212169141257,disco
-0.15909025744208913,0.40548694501620836,0.34494961905391974,disco
-0.3061449925864867,0.0776376060598353,0.12718886752580003,disco
-0.02969666465345343,0.21908639539444416,0.3097065365695261,disco
-0.165919975252792,0.3737049271083024,0.20164742553476592,disco
-0.2219933550956986,0.4795061812257456,0.19731119739227349,disco
-0.09834657569801568,0.49373033008275113,0.2942979809322304,disco
-0.15455895934001224,0.49777658158542637,0.16252045429413745,disco
-0.3043291394900848,0.28205200659369084,0.04190937238480554,disco
-0.2770242762892054,0.0986025429091637,0.154225602831684,disco
-0.18177668656606832,0.26772540444856696,0.1863827915666682,disco
-0.2998947873201528,0.08280048345684274,0.2317524704523686,disco
-0.08640330755696782,0.20996170280079715,0.48862830038473404,disco
-0.3240926708882819,0.25233343834406485,-0.0559636667491042,disco
-0.2696474562739436,0.1762001573090749,0.38354662233992615,disco
-0.25465964520303624,0.22306592402838665,0.31135400879464964,disco
0.16247216453439278,-0.13146350699491555,-0.12924270074820063,disco
-0.18418209427204257,-0.28956015348369424,-0.1328235322820864,disco
0.4490407665701221,0.023288969117106553,0.006591784775040727,disco
0.37772556865791757,0.14273756645918043,-0.02322205811085637,disco
0.6324417311633672,0.14892904537960183,-0.06438689612003361,disco
0.6102176448300842,0.1399199993628598,-0.09212435744404564,disco
0.5290414596568135,0.02701374465514346,-0.09038419713412138,disco
0.02488920594913924,0.07319884553711714,-0.25495776320946784,disco
0.11675534521208256,-0.11277247834059143,-0.15408585459528776,disco
-0.03326420162182182,-0.03276911440674575,-0.18965355731488923,disco
0.24553696356621169,-0.2278880242535999,0.12612629680279996,disco
0.5183195926933812,-0.07829181789940967,0.05677329104144311,disco
0.44305457962572053,-0.042929107541640886,0.03839534726717564,disco
0.25461740695482626,-0.05402752585502741,-0.11116316454540069,disco
0.46838912743616085,-0.017026789433343546,0.14162780310701598,disco
-0.07030205614313778,-0.07841211536614034,-0.2903945871578201,disco
0.11508791677335053,0.08667593807147118,-0.14531871358292736,disco
0.11898178631392316,0.18358624167047738,-0.20273001312030126,disco
0.0021322457064269808,-0.13245528044143073,-0.2158197245361414,disco
0.13331715878626257,0.03716458825794545,0.04559772377840631,disco
0.4488055618367274,0.06199239610223045,-0.10457233107766271,disco
0.5859558589580475,0.04429531699780036,0.01681316934087904,disco
0.5146912437026953,0.13020769735489612,-0.10511684719440123,disco
-0.10170490783632458,-0.048089072808498785,-0.24680232381308914,disco
0.6042096784160185,0.12631801627164907,-0.026259049985974,disco
0.531932539569536,0.12705747036598092,-0.10438032684043035,disco
0.16769935068537972,-0.008185690960132634,-0.28043061954721804,disco
0.5737838963240363,0.14319419838988998,-0.07447114880820523,disco
0.5112186276874473,0.10817737856857451,-0.08107764596117488,disco
0.6331047353817781,0.09967274245922447,-0.052770946980886795,disco
0.3862166278237383,-0.08797002984412745,-0.03261867578439437,disco
0.4658773947153688,0.10594099098026004,0.02076397505259604,disco
0.2812862392820709,-0.13368693046989436,-0.01583760296152694,disco
0.35108428855612966,0.00893980865150116,0.08758431857120906,disco
0.13925096914349822,-0.16101002639300532,-0.04472397525028879,disco
-0.09744583671359809,-0.2284143793055093,-0.2749655983986584,disco
0.08360326005087333,0.0779744328559077,-0.22255751971590837,disco
0.17660545935795155,-0.17317187899435518,-0.10537778534473477,disco
0.05274823387204602,-0.04643008626199115,-0.1207074126388165,disco
0.14570293938530587,0.0805977761000384,-0.2798105743359969,disco
0.21272974460335184,-0.17757916577866056,0.02216362837371471,disco
0.503211099480402,-0.04676104007102717,0.06683405548565508,disco
0.541907605750957,0.08097489067690693,0.17790636140264485,disco
0.5613028406098232,-0.0020069640058218946,0.08397963306486987,disco
0.5472248176993542,0.16379401338276292,0.02438249559945398,disco
-0.12534564109493276,-0.07382424635632592,-0.18397862124189618,disco
0.40700682896572715,0.0082344578344392,-0.04772414101296629,disco
0.23234085624755785,-0.04850973653310421,-0.17813663522714882,disco
0.5265450286271692,0.05544724263517648,0.09448910045506417,disco
0.06289915468844513,-0.09597046202480211,-0.23888808643413262,disco
0.3031554198864949,-0.0008897936742447275,0.004427093880743548,disco
0.494818972453238,0.11457288447912341,-0.07873709118527678,disco
0.5553227462331576,0.024068987582477865,-0.026285073861084873,disco
0.5553227462331576,0.02406898758247794,-0.026285073861084782,disco
0.023101266879139215,-0.031179469052047284,-0.24596959680979968,hiphop
-0.09063511028389498,0.06243180138967562,-0.35054062562923655,hiphop
-0.09947785262619326,-0.2963821971153014,-0.16408843481693453,hiphop
-0.10951112244780965,0.018395066875804746,-0.3541417733008483,hiphop
-0.20773378479339744,-0.02256200327254271,-0.4264724029800632,hiphop
0.3530919104352226,0.17070630588217567,-0.1800274159123044,hiphop
-0.11792120750689633,0.08080064215645859,-0.4095459904442025,hiphop
-0.013505474694987196,0.051702880156371034,-0.26705740694976354,hiphop
-0.12678235876484992,-0.05234096425154778,-0.33950069476962086,hiphop
-0.03643533733697099,0.081064713299172,-0.2882501705179225,hiphop
0.4089984989914372,0.07929690091635049,0.039937811148038405,hiphop
0.2687218915052707,-0.02616702178807614,-0.12278745106440032,hiphop
0.20752551659542767,-0.09611690630858807,-0.14626373196083856,hiphop
-0.1529603082785623,-0.10914562082015711,-0.2904395034362208,hiphop
0.3927980933729998,0.06751370659998786,-0.05341287411022271,hiphop
0.45744248937694093,0.08123360565062562,0.037619782602822595,hiphop
-0.0864343595318175,-0.007396551724016231,-0.32452193357613796,hiphop
0.46943714884007237,0.12654725089222116,0.034365912561092705,hiphop
-0.07278665093969784,-0.04411735091703803,-0.39095985917211623,hiphop
-0.13351437762354768,0.0067273146909971795,-0.30968527376572125,hiphop
-0.11654285462498848,-0.05510351334705353,-0.30379255886183465,hiphop
0.2684035661434267,0.09115977712311128,-0.2050057549664095,hiphop
0.19938773757793796,-0.038260666910456494,-0.10941661763761835,hiphop
0.5199655559767307,0.10588951342407077,0.05449335369528173,hiphop
0.004233282073377797,0.008428874474610739,-0.2648823376226682,hiphop
0.17950989991998964,0.09743943331633124,-0.22875869556587752,hiphop
-0.21869248956128193,0.10560367859234197,-0.36378228939848806,hiphop
-0.28096212151674027,0.085163629554167,-0.17975340377985163,hiphop
-0.296608447851832,0.16017302440194225,-0.14510692214399457,hiphop
-0.15376694573119923,0.3269683566509352,-0.03480783080994776,hiphop
0.006402794977127391,0.3893847975933531,0.11351529565997268,hiphop
-0.2632978032347262,0.48482146138422033,-0.0007088443595453214,hiphop
-0.2651035890961727,0.19887230881757625,0.011547079673921644,hiphop
-0.23652227488769395,0.3754567986199119,-0.09612860031692824,hiphop
-0.01308983584350188,0.3524692274162604,0.059136681658171056,hiphop
-0.21264110167028483,0.29176861221784123,-0.1845773256282821,hiphop
-0.14009499105762532,-0.02606343931353766,-0.2598459172073008,hiphop
-0.14169827785669592,-0.022538737267349458,-0.2961445267847121,hiphop
-0.1376926381980775,-0.029973810658505948,-0.2704757570283761,hiphop
-0.17061018748436987,-0.017892814225578278,-0.31907259204512706,hiphop
-0.15928149202361105,-0.027562348656001268,-0.29873540347505734,hiphop
-0.19779147168540764,0.05710379381966974,-0.23247499166674906,hiphop
-0.18642886887109886,0.05371120700146045,-0.2802403814570895,hiphop
-0.179556443636783,0.009848461274636547,-0.19707281360903242,hiphop
-0.16235337252815357,-0.056690841077382474,-0.27987475754352575,hiphop
-0.17061018748436993,-0.017892814225578417,-0.31907259204512717,hiphop
-0.27301926934095155,0.28319334641624844,-0.12178286911400835,hiphop
-0.33856276812242136,0.36835667452485704,-0.2772960899716114,hiphop
-0.19584057702964527,0.24900024907082435,0.08430547064953395,hiphop
-0.23394474704831703,0.3494590142118947,-0.07984023662070108,hiphop
-0.31027624734014,0.11016416131221285,-0.1704393714834483,hiphop
-0.2683657334192869,0.277571454069138,-0.07875829873787395,hiphop
-0.3149208579860083,0.3175391062163437,0.1038632937734258,hiphop
-0.34346106574130764,0.30465256501921223,-0.11029682820069144,hiphop
-0.30530904286249144,0.4560645526012922,0.12384996972165577,hiphop
-0.1557478153119164,0.032712920551626806,0.31061067655094526,hiphop
-0.04280668072094617,0.23324858481035268,0.23857074996805774,hiphop
-0.16263619543608934,0.14922655842976326,0.2119847087308891,hiphop
-0.18377141289472168,0.2435990471092812,0.04219438715249403,hiphop
-0.18893086384257818,0.16942663698547825,0.18358947110152604,hiphop
-0.1691176391673598,0.024059593032994625,0.06519996306514834,hiphop
-0.19573856686987842,0.07482766345759771,0.11858022439983062,hiphop
-0.2127176121727398,0.01678730472108991,-0.3922374296157128,hiphop
-0.2609171841983251,0.06639572946155449,-0.415317713871219,hiphop
-0.24663328547281752,0.14033154329826378,-0.2214431401471909,hiphop
-0.2837787203940118,0.1222611121452169,-0.34449652827193383,hiphop
-0.3085314509977024,0.1425265322968997,-0.10767081646900631,hiphop
-0.326705542779895,0.27296135822244466,-0.3433013711933766,hiphop
-0.2212400301473662,0.31752964367719383,0.10004265234727076,hiphop
-0.28547560247102544,0.36936479929700855,-0.1790574291674389,hiphop
-0.26969336980143305,0.27660848498686813,-0.06455648347755949,hiphop
-0.310451024953346,0.34773573850658085,-0.16292779189230527,hiphop
-0.32143124091154995,0.15513037966471377,-0.15360710689949245,hiphop
-0.2937338079203377,0.23761767676298046,-0.2369239416270559,hiphop
-0.15645481541135028,0.3385957041277455,0.025277677238192537,hiphop
-0.2533935641548298,0.0943082839567691,-0.4210782167859418,hiphop
-0.23362291687206208,0.054927422889130016,-0.3860836724948058,hiphop
-0.35291923519097934,0.2865460379151782,-0.30032643836257406,hiphop
-0.2336229168720623,0.054927422889129794,-0.3860836724948062,hiphop
-0.29847477652148213,0.10073835602637399,-0.3910696514015667,hiphop
-0.31979036013224715,0.37846021947442776,0.05909782300054336,hiphop
-0.054801767969948886,-0.1282071434570923,0.06042770544029272,hiphop
0.37631174138408585,0.08361888945828842,0.026007367644662483,hiphop
0.37419199929335795,-0.0009385943327447286,-0.06486272198108287,hiphop
-0.1394468691083706,-0.11405619057326906,-0.29950863254060395,hiphop
0.4746311890246168,0.07774900051931885,-0.03163863720656901,hiphop
0.027076786923417525,-0.07733382087507715,-0.1264215714227927,hiphop
0.3247480018969082,0.14289452718447307,-0.1191892666520702,hiphop
0.5050658743813466,0.05424267912914414,-0.12502100890161277,hiphop
0.43465315425961387,0.14912584359124056,-0.05748167834582471,hiphop
0.4967867605507188,0.07471954250148084,0.022033110325791874,hiphop
0.3941744857274243,0.07687894960987599,-0.12243630710374816,hiphop
0.31341801666475383,0.025719669005417306,-0.12759727743887836,hiphop
0.2406826511450846,0.08662896429245272,-0.14525921724396756,hiphop
0.014579633842345794,-0.07270416868824757,-0.17550082410689524,hiphop
0.5242926540026532,0.18716990597740163,-0.039302711699845845,hiphop
0.2408769194848171,-0.1371636632978045,0.13837286344365676,hiphop
0.5249848444103464,0.07663657484355668,-0.06940391734389963,hiphop
0.4195423210235355,0.10613974337508116,-0.07084855613277811,hiphop
-0.1879998123268974,-0.11676673457909444,-0.3739046568358178,hiphop
-0.21732181268347014,-0.18447160403496843,0.27212993909606265,jazz
-0.20882102859554658,-0.3001197208935257,0.3108414408253738,jazz
-0.16885783956601408,-0.31064676427947446,0.022579472860915533,jazz
-0.1734412934741723,-0.3442644819277975,0.07425333741901181,jazz
-0.12204046839744687,-0.08026219923572218,-0.24332044793174137,jazz
-0.11641997025399393,-0.057758534180498304,-0.25630576315096604,jazz
-0.1731480248414218,-0.3819202311583487,0.025928989971882546,jazz
-0.11367382156126384,-0.052991994953183484,-0.2512380858343567,jazz
0.021984074085364395,-0.3247246247496572,0.26856125702329936,jazz
-0.13522970473921278,-0.4254259621321641,0.2193028601217142,jazz
-0.1510089145632128,-0.1385864760338908,-0.1656081734795766,jazz
0.33124268902889203,-0.12944167694785447,0.27718962582624146,jazz
0.3107678037430522,-0.16402344220259324,0.3071116553185951,jazz
0.2375160812479966,-0.193251489632182,0.12996864226061736,jazz
-0.20039344207954485,-0.32850909674339696,-0.11777635885574878,jazz
0.3169092726538111,-0.1734174595152279,0.19294602250613527,jazz
-0.07091299692249257,-0.34733252785828683,0.07023425175189438,jazz
0.12423995966875288,-0.1792098546460324,0.26856638149999984,jazz
0.35935232096249825,-0.05212401126553812,0.1570490713669086,jazz
0.04520582185827924,-0.2962777414310942,0.17990157693977335,jazz
-0.1787598822008343,-0.32364477484736937,0.19767576706336212,jazz
0.43474034859352073,0.07366313308004399,-0.0769898725529074,jazz
-0.13871322400210762,-0.1687246140148384,-0.2174991942485491,jazz
0.04327718142507346,-0.19254806040227967,-0.03674551569970469,jazz
0.18764143759906768,-0.19225020373749496,0.14174822455770875,jazz
-0.04560063353717276,-0.3096452243463393,0.051867348531673546,jazz
-0.11422634664816331,-0.053621914522314594,-0.25137954317237826,jazz
0.2481903438926452,-0.17259024558447486,0.14781315985899784,jazz
0.11949782273478647,-0.2782132195494783,0.1459309860500236,jazz
0.34573142959934194,-0.1195770128150845,0.1471149498150301,jazz
-0.023997032739218077,-0.33766808734615783,0.03902511773355759,jazz
0.2195270875612818,-0.21979640503172101,0.14923456228868104,jazz
-0.08061446384917532,-0.3657331497527093,0.13636891242312751,jazz
-0.10536891151144745,-0.26154917393587085,0.3105000091516766,jazz
0.0404267624796764,-0.2966265951809818,0.15322462312389007,jazz
-0.13996662798446494,-0.3303067724399645,0.2800201957346273,jazz
-0.08180173500533074,-0.3483792384052336,0.30874563186912046,jazz
-0.08858539326115702,-0.30192888344921526,0.1782935880601133,jazz
0.2414447984297143,-0.23939683143405865,0.2978079941924535,jazz
-0.2084154490618356,-0.29990219677891217,-0.11875281422592306,jazz
-0.1638746378944369,-0.31309670016840396,0.06713709769757867,jazz
-0.14737800799107825,-0.36264789895281535,-0.05922486777262415,jazz
-0.10347610105458073,-0.3241426430716989,0.26305117674209,jazz
0.016814305462731317,-0.308958157171392,-0.045883401950562175,jazz
-0.12516110607133135,-0.09893195389612786,-0.2259174901582026,jazz
-0.10218865412828647,-0.320778522982528,0.3080737172906132,jazz
-0.17028124787386267,-0.38396090781853237,0.2175834540275958,jazz
0.3773901734335281,-0.07376027281050196,0.15753131454636923,jazz
0.19949793107519262,-0.29902335913780337,0.17190344351162914,jazz
-0.18261756324529888,-0.11600836367036209,-0.2467739599303428,jazz
-0.031037793754253907,0.24471396491977168,0.17408960155639525,jazz
-0.09266799234405637,-0.2577629146532544,0.3292346413232987,jazz
-0.10604241647753422,0.22118626306976547,0.26938963867223475,jazz
0.01292186980834843,-0.2560658383160047,0.25823636876260675,jazz
-0.10009674526846032,-0.05643857504190426,0.46442220453375516,jazz
-0.12783968327651013,-0.32701628728210425,0.3000055937274134,jazz
-0.07538318047015695,0.37088929956993877,0.2908552197046571,jazz
-0.20258007304078893,-0.29929694586892064,0.287684218547479,jazz
-0.13462255066795792,-0.2947641785930344,0.3795375621687452,jazz
-0.1862258213768559,-0.06340445266377452,-0.02542392870901389,jazz
-0.16736769734499687,-0.2017797674657341,0.2277871582935668,jazz
-0.00896144108731169,0.2617403557855849,0.25874304386783137,jazz
-0.05709160517931377,-0.12040008019680354,0.48615055933751283,jazz
-0.029079203972893052,0.21409270912453723,0.2591258153872173,jazz
0.10646933776150404,0.06550809575947246,0.2648876953640259,jazz
-0.20647657359192303,-0.3088284795456565,-0.0935842370882333,jazz
-0.14083153353558975,-0.19511476931067076,-0.10757769104531927,jazz
-0.14961269270840086,-0.3070164667367643,0.08895590757986921,jazz
-0.08701071535328027,-0.29782499848002736,0.2891221362790993,jazz
-0.2612130763794841,-0.17102800788181596,0.09839301978208224,jazz
-0.1286927990879979,-0.08877978250017207,-0.21512615509957966,jazz
-0.09288512453541103,-0.30906282036646526,0.3424380419383123,jazz
-0.15924062894512303,-0.37739765090613026,0.2411252456228118,jazz
-0.1936556723873255,0.3296061574971398,0.43818693761957306,jazz
-0.23329603852919586,0.11124538938279514,0.37329121421094186,jazz
-0.17457104280056854,0.26520326261696353,0.39958366678443275,jazz
-0.1751508341914601,-0.1015933047881622,0.41292283562462456,jazz
-0.14918662218773218,0.14641669287041542,0.3344249918338908,jazz
-0.25751894482405646,0.05605667333945142,0.3278292049610776,jazz
-0.2133514455871455,0.06389265039857962,0.2304447985239041,jazz
-0.13921717339180664,0.2104192032152643,0.3506103093793767,jazz
-0.23787466071500457,0.2970222137472124,0.18949279607851868,jazz
-0.19113394910682277,0.33482294358419956,0.10956241981089439,jazz
-0.14798844750490966,0.36146314949661296,0.3163421581113873,jazz
-0.10240027779483331,0.23743229527429383,0.26504179760524343,jazz
-0.09794399523522418,0.1917824522284874,0.30140303767753135,jazz
-0.23040836521608096,0.21355880206011058,-0.05022143811934153,jazz
-0.2738456803555011,0.018845577677746528,-0.060293804708474875,jazz
-0.3017916846686206,-0.005857787524839654,0.013067987461114842,jazz
-0.2575041420558999,-0.10448796009423693,0.08109126549117393,jazz
-0.19809268258437274,-0.055709166400527255,0.36673279893786376,jazz
-0.19048138973968787,-0.017259470725752374,-0.24957710875443753,jazz
-0.32468379431074174,0.034992426824422496,0.028498265072036236,jazz
-0.2323356871464191,0.0003856860263829896,0.33914166046314886,jazz
-0.24014909729099895,-0.4501934883720933,0.04198796314156051,jazz
0.19292467293365764,-0.17691036002460853,0.21871203285968713,jazz
-0.09058342244602026,-0.24284385040895498,-0.010377688056889073,jazz
-0.19647747068833676,-0.2689601069294474,-0.073455986818618,jazz
0.31887092266089867,-0.07694969141771896,0.2456855175647138,jazz
-0.06709206158458426,-0.3239486742005657,0.20678113668533815,jazz
0.07514861103763536,0.3240234877334916,0.12646907302939187,metal
0.4166474238565428,0.22277571597204257,0.015059613487633105,metal
0.6020577586200816,0.0742604835498066,-0.01510349401943019,metal
0.4203125756389695,0.11017735863301775,-0.18940652444082093,metal
0.12847192498533627,0.22540450840786153,-0.07790286678256962,metal
0.5456316636146676,0.05577783780771582,0.0061292918441991215,metal
0.3187358261401516,0.14788481236694231,-0.062313303662099036,metal
0.36365912197078804,0.19716073125317105,-0.02885338779540667,metal
-0.1385955838117086,0.30558748738611013,0.1469439094874725,metal
0.2822522707003324,0.12378909076461857,-0.20041172271259952,metal
0.4015383854118111,0.1039338826570748,-0.21257351378756012,metal
0.4519978605417528,0.15049498127224037,-0.18250217177267625,metal
0.39159565444601535,0.12054865705992633,-0.22042839939714987,metal
0.31127949391822857,0.10789254963503857,-0.24576845415475054,metal
0.4693869408233621,0.10649319019415336,-0.13802168393993033,metal
0.47546942023738764,0.11692541938597478,-0.16959650171559365,metal
0.4146935524253971,0.1422972474770915,-0.1616505563372782,metal
0.40834366011975565,0.1145310160276793,-0.20416294522756906,metal
0.2403310088143755,0.028151887296527907,-0.04366205723015147,metal
0.47888591918682666,0.118976392779944,-0.16324299810289206,metal
0.4662179193356032,0.11419543194450303,-0.14906628558723303,metal
0.4189033618086558,0.12377380415251604,-0.20303515832825042,metal
0.39427517043296817,0.045537075204553426,0.03806018218349606,metal
0.41787390009305053,0.17366622574112994,-0.09521026081320388,metal
0.5583997301143521,0.174639995305419,-0.11442149182747849,metal
0.46990576410498214,0.04537324398171187,0.06962834513752286,metal
0.33516940782029536,0.07558075353639997,-0.18101713823132204,metal
0.5535379364453032,0.12722303593726736,-0.1251715683502668,metal
0.5584541783753065,0.14520258150247475,-0.17870376736450272,metal
0.586554748247361,0.11781078771610043,-0.1312041911766137,metal
0.24618021947648608,0.0622730702150674,0.13927772634915098,metal
0.6166871527502439,0.16685131151177243,-0.1040364339691441,metal
0.3963039738296405,0.04711595706008855,-0.12049672158248766,metal
0.1765613615193097,0.07582290003952373,0.04872061671793201,metal
0.22567848390231376,-0.07499443381003501,-0.22502374093914787,metal
0.45282911084990746,0.20148247540610817,-0.14739855896198162,metal
0.6264631549969699,0.16173191330185047,-0.11166988134585785,metal
0.4269824123832018,0.036850882631474305,-0.05446513840987651,metal
-0.09055138078424786,-0.05778660971077818,-0.26302567681942723,metal
0.2507470080228719,0.014098927613207779,0.1454263986971787,metal
0.5869687672205542,0.12758832745507312,-0.13820920165166453,metal
0.4988095245983589,0.0002621403087621154,-0.023563093550084242,metal
0.503606287344696,0.04257300249506055,-0.08027503613225737,metal
0.37889122644840584,-0.007095371742984862,-0.15226549258439154,metal
0.5436279566568076,0.09205550008494205,-0.09702825158812932,metal
0.26430598578751,-0.11255846701043044,-0.1291287150857646,metal
0.5826864125639747,0.19116798307451122,-0.14715766558941412,metal
0.5605388760292949,0.19143671834570056,-0.13920168040096262,metal
0.5237568380680108,0.1866968179405803,-0.19138286700230153,metal
0.4921267500713432,0.18790485866125048,-0.20510782290277182,metal
0.5056567607020044,0.23435007073838643,-0.1589357001035186,metal
0.4593885024876722,0.21355904915832966,-0.2221846149353346,metal
0.42544271668823924,0.23583791150302177,-0.09398583615994503,metal
0.5410718461010714,0.22702751952772135,-0.13859997198794832,metal
0.5295064389887395,0.21439930265824544,-0.19105786374517972,metal
0.4732431627571157,0.19724841935279247,-0.19932427280091775,metal
0.4881176569334155,0.20680304819837508,-0.15851427099548734,metal
0.5564557549974694,0.2174097460308946,-0.07286866393207396,metal
0.6233711061948516,0.13831261467152114,-0.061936976678520266,metal
0.5725604257577985,0.12893835143828086,-0.07455646025070616,metal
0.4919943241250422,0.11335364690909784,-0.061411030309081995,metal
0.5869687672205541,0.12758832745507315,-0.1382092016516644,metal
0.49880952459835903,0.00026214030876180113,-0.023563093550084468,metal
0.503606287344696,0.04257300249506068,-0.08027503613225724,metal
0.37889122644840595,-0.007095371742984767,-0.15226549258439143,metal
0.5436279566568077,0.09205550008494205,-0.0970282515881294,metal
0.26430598578751013,-0.1125584670104303,-0.1291287150857645,metal
0.4786497189346576,0.0537553588688844,-0.016633000831688293,metal
0.5820092135922857,0.03651047681544354,-0.008184756902082268,metal
0.37951565726069403,0.03247870387620553,0.030817923906645013,metal
0.2857671444184186,-0.0398463305689767,-0.1247576348447186,metal
0.5507193854989314,0.1430195954268423,-0.11611937014905986,metal
0.5645280073163329,0.12023464914676248,0.009320022457075723,metal
0.3848866694335195,0.2145847396007898,-0.08208975257635207,metal
0.4939382981266728,0.08372718597867632,-0.07621887155581203,metal
0.35500807312560045,0.16925638545766022,0.024652234416578198,metal
0.46761948747854987,0.09023732197631842,-0.014609842941363485,metal
0.6328404100124617,0.12250051326997032,-0.12272859751398979,metal
0.4053591283033698,0.2616389327527112,-0.12725299782579308,metal
0.5960200800189402,0.1199138751334269,-0.03549463158565963,metal
0.5690554198630436,0.19755722825235933,-0.07085065584146269,metal
0.48249002952349346,0.11358043182998091,-0.014529027504475479,metal
0.5096893177508259,0.08507717245984876,-0.05581807712844726,metal
0.49800310988541435,0.1067139304408598,-0.011847195290445638,metal
0.5094327915955216,0.21558254502370044,-0.05469342941146737,metal
0.5428514033315042,0.05830381011833681,-0.04985710462110979,metal
0.6330571812628693,0.0804718833368835,-0.10149161451929199,metal
0.3929642622135838,0.22092204076345004,-0.21963249991111775,metal
0.060133140683354624,-0.10772161185430003,-0.028360872977052615,metal
0.06792506011747988,0.030167143123583536,0.050244868932341175,metal
0.4501959730986368,0.02993565751227044,0.04194940494764251,metal
0.5353489618302157,-0.007371612881364801,0.0024660192888935257,metal
0.3993456629971117,-0.06984180484347938,0.11054432954036729,metal
0.5176215458858981,0.09061312303970245,-0.055817847055996454,metal
0.22567848390231374,-0.07499443381003504,-0.2250237409391479,metal
0.5463843003772979,0.21259126138375337,-0.06956043471620423,metal
0.3981281920011632,0.17728727333706756,-0.09703778987273956,metal
0.3769668088029398,0.10217920523751804,0.059614226165319924,metal
0.3248198926690906,0.11534697610936398,0.018361258256908014,metal
0.48950221876699146,0.18903177575095886,-0.021343732607175828,metal
-0.3345204906268275,0.2862384154147864,-0.2678276820176517,pop
-0.197970878444293,0.03874592135505215,-0.37431290818814095,pop
-0.27710289979833225,0.4267089414157279,-0.0038634619551845594,pop
-0.28918047526125484,0.01277803458537766,0.07275507793091761,pop
-0.21540603201815922,0.4911008636490409,0.3274924467987218,pop
-0.2352176876730595,-0.03127992024644878,-0.043743983807782966,pop
-0.21171898824057458,0.17594711138560054,0.36478473817520923,pop
-0.14504512857782775,-0.07220031768928982,-0.28246752459963,pop
-0.2905225891586447,0.4456168075666173,0.15786925961074733,pop
-0.19506652741283742,0.502590702798328,0.24445070209395683,pop
-0.31530003622783037,0.14337003227740525,0.19218966328636625,pop
-0.22757540563893836,-0.13741971328036445,-0.18484592808483957,pop
-0.24530852241048695,0.28133351501550524,0.3142824356674556,pop
-0.3279230527572984,0.13550539804161582,-0.08072236312705872,pop
-0.08865428905805106,0.07492197069554642,0.34127784543927825,pop
-0.37527864358306134,0.5255377735338319,0.055011348706586055,pop
-0.3730071736179967,0.4155028489645991,-0.09809635228707395,pop
-0.14906920624588973,0.3467721586333154,0.25097836647811034,pop
-0.3167139333751583,0.4372213123220424,-0.04891736413190055,pop
-0.36942724569762975,0.3998724525290648,-0.13177798675663238,pop
-0.2728219142728207,0.548758358970561,0.004676137009117368,pop
-0.2264202202201684,0.4889509551358787,0.003158133057385177,pop
-0.3756340812680997,0.5258124362283011,0.055725293941318886,pop
-0.3920363891150424,0.44055319141171845,-0.2607803632529038,pop
-0.3901863415036219,0.4394806231358558,-0.16662712287296083,pop
-0.36452238017353056,0.22162720621673412,-0.17767622286756998,pop
-0.4113005120762201,0.21759737569756624,-0.15603434269809546,pop
-0.39067116500984245,0.3118227870449357,0.2012974483996092,pop
-0.29307043916050696,0.4813115558829484,0.2430144683670502,pop
-0.30854140106670647,0.4475313731964496,0.08835190704561825,pop
-0.29169084751770163,0.4828687638479,0.18509884558994427,pop
-0.30516619271639583,0.47364846790102577,0.14675638111979802,pop
-0.2847362960609008,0.23767366325921496,-0.26410936382692773,pop
-0.262808241238511,0.26035436007942,0.10764404030668755,pop
-0.401402673652026,0.3864325070105059,-0.041800635069933964,pop
-0.24636193551814883,0.49383320092956984,0.02369702193537699,pop
-0.38049655842795255,0.45894340809060824,-0.14023762463129535,pop
-0.29273215254433055,0.4737036725945955,-0.025115347093536775,pop
-0.29274785805459325,0.5181719623283989,0.09466270152654052,pop
-0.31147703298484797,0.34598779914074124,-0.3053184358161811,pop
-0.2704239635714691,0.0716759980081794,0.2765334625034457,pop
-0.25123025757856726,-0.16464629201622674,-0.22409489283371564,pop
-0.3410644973339719,0.4085853819466165,-0.029944884609763828,pop
-0.2560931496783516,0.43601508924022897,-0.026710922274571794,pop
-0.37669167226556843,0.39103633343594146,-0.18225934723515988,pop
-0.370518931176336,0.2065014951889822,-0.3656661702088684,pop
-0.36721480396917433,0.1987909457132848,-0.3685974892245359,pop
-0.3658551821570312,0.30766597463281464,-0.26573006700458557,pop
-0.23964405948578035,0.3313891715406031,-0.1268178323700019,pop
-0.24766307222905415,-0.05093343580206517,-0.3332352865968224,pop
-0.41705713024457575,0.34449841304030504,-0.28134774878914587,pop
-0.31545235204459365,0.38413488544345537,-0.22287271369797704,pop
-0.20519719643845302,0.1018131429206394,-0.35451348947038,pop
-0.11192377116415422,-0.04876803393893285,-0.24841030264533825,pop
-0.3091096420046764,0.24572844629249016,-0.3803262944566489,pop
-0.2294341898961215,0.10978634107281687,-0.3904464426802888,pop
-0.27699771427777015,0.1590886045760231,-0.4320526982093938,pop
-0.20078356941810346,0.10074572137260213,-0.34548515456850487,pop
-0.324198739198308,0.11768368661788053,-0.3243214020121831,pop
-0.283074661476088,0.176659293053633,-0.4269581519916499,pop
-0.30910964200467633,0.24572844629249022,-0.38032629445664873,pop
-0.36293208758675366,0.24373551747402838,-0.3469478857656803,pop
-0.11489420203077674,-0.048627278726519216,-0.2545473808427661,pop
-0.2578354477308283,-0.06759340445554607,0.23821962672563282,pop
-0.12178285787752417,-0.04656086155040657,-0.2656763950593745,pop
-0.35273975593828955,0.1602147316052462,0.14604667408052202,pop
-0.3770392522721025,0.35384563423645016,-0.1101491203419433,pop
-0.3220318269325045,0.32054427034557387,-0.29034829773306275,pop
-0.2786770732898657,0.15289493757575007,-0.37953846779029626,pop
-0.03421571898949335,0.3762222961153214,0.308393568053311,pop
-0.37203021581595674,0.25836116789053404,-0.29628794494030825,pop
-0.32203182693250465,0.3205442703455737,-0.29034829773306314,pop
-0.12533206231117086,0.38663029646545294,0.2855506540279834,pop
-0.2810292649231804,0.5000704216433117,-0.05706027580164278,pop
-0.22970831873827607,0.0728279312804067,-0.3990687907020293,pop
-0.32942419798650735,0.45846194452822564,-0.15150648808303824,pop
-0.2814830954616942,0.38277076270606325,-0.1709717943683875,pop
-0.2672349327621823,0.2639338564977151,-0.31073383190560006,pop
-0.3739444122887181,0.3556424646531026,-0.3123188863293716,pop
-0.28202280528197743,-0.02324037999271081,0.22939885451298297,pop
-0.36566379019182604,0.30694644220894546,-0.2661838719554795,pop
-0.30205066690399845,0.003224576193342757,0.19721440331671788,pop
-0.24256619054946446,0.514365714646259,0.17853806721602125,pop
-0.34632512973243784,0.24004075454238907,0.1694091646207097,pop
-0.24968522907582585,0.06806720735187984,-0.3822500048755452,pop
-0.28212635851967627,0.07246210373312663,-0.31236274460472574,pop
-0.1612643061574647,0.4663820490454014,0.18471390687942865,pop
-0.2936122928053155,0.4730899752514831,0.05893282619793321,pop
-0.30329255908498226,0.277379797383654,-0.34277859880445993,pop
-0.3430212909789446,0.2783619158330125,-0.35637570875064134,pop
-0.2895329249788508,0.4765017366013886,0.0590439900265401,pop
-0.32563429588436615,0.43788345287342656,-0.20217728445994795,pop
-0.3132982291825144,0.48687458295129077,-0.1258959887496559,pop
-0.18575036748383233,0.4580576898460168,0.08434159058512272,pop
-0.34374457983464246,0.32326866978566493,0.033040617147183426,pop
-0.31119007853244596,0.28917514743744266,-0.223035394754583,pop
-0.29888799475287936,0.1768099211265375,-0.27159350392203446,pop
-0.22918028446945352,0.10947168068651775,-0.3765625813211587,pop
-0.32222191675799894,0.30730923426840256,-0.2232558598104038,pop
-0.19239931029406937,0.0415492990709181,-0.20345257948851847,pop
0.17371003828721818,-0.20432732182442037,-0.06849674226122753,reggae
0.08631581537815065,-0.2471508280233179,0.22444314567534804,reggae
-0.06934535226489616,-0.278098773761929,-0.1426204019827503,reggae
-0.1727224063986231,-0.18813217918334899,-0.2799115248883222,reggae
-0.129252085324459,-0.19240638557007936,-0.3582207771139407,reggae
-0.044363092854536004,-0.30010027960975555,-0.11053703077908236,reggae
-0.19922448354979366,-0.2814125515209503,-0.22421129696091158,reggae
-0.17082796307061296,-0.24215493401846824,-0.3067072607638895,reggae
-0.17415988467896662,-0.2687606498440953,-0.3247343410779943,reggae
-0.21364606560040272,-0.2024493299289883,-0.3294184913529395,reggae
-0.12065188697206275,-0.21014265982203434,-0.14209405940332953,reggae
0.1022825091457044,-0.1584160008863753,-0.046711187123128016,reggae
-0.11956942190050604,-0.11115265762198015,-0.37243891381452937,reggae
-0.2127711659219564,-0.26895461457673264,-0.35006511543812224,reggae
-0.22774445487236503,-0.14212645655230982,-0.38172206623092764,reggae
0.018868993673579484,-0.15842036157769718,-0.1921523047466585,reggae
0.37519812826932125,0.054801265089070114,-0.10307864677571503,reggae
-0.1365263419157952,-0.17846688003782551,-0.3717561806054077,reggae
-0.09544640552444106,-0.1761537135625059,-0.20225987071583065,reggae
-0.1753618341842116,-0.130140117429222,-0.3652245571325741,reggae
-0.1380561980388462,-0.2047370415045687,-0.3342494609821121,reggae
0.38312558840666644,-0.01369136927544305,0.05930965966516985,reggae
0.2846150918967352,0.04406596989010712,-0.11916539395735838,reggae
0.12751100801631654,-0.025536953049752863,-0.23824562754368286,reggae
-0.1038495258274505,-0.2520762223953948,-0.2746734102280822,reggae
-0.20017944121291703,-0.21700022810040456,-0.3361909097889996,reggae
-0.15707658968886448,-0.206858794200651,-0.3676033732863459,reggae
-0.17264582161540137,-0.12674165429034204,-0.3849666737488017,reggae
-0.15680051196518485,-0.11311986046448293,-0.17660426716773614,reggae
0.10415159008604805,-0.11936701802296813,0.13334618001037063,reggae
-0.12622636225298667,-0.07752507359505677,-0.1975849176408157,reggae
-0.1418545242315977,-0.1261404312441156,-0.22862155506142753,reggae
-0.08729571286062902,-0.12338664053423347,0.08060698716136766,reggae
-0.14008631886149234,-0.13806140141719592,-0.11305388047428207,reggae
-0.16007542528953614,-0.20000654970363432,-0.024292023220321167,reggae
-0.07350527956221962,-0.138340912607932,0.009872350841407038,reggae
-0.17666443989479924,-0.15397479518563809,-0.27670307486065165,reggae
-0.14878458141960238,-0.10458700062141124,-0.22467910545397163,reggae
-0.1988392160083198,-0.2262169362546872,-0.3304563018516215,reggae
-0.15321352314166897,-0.07205211874937074,-0.2619939758917298,reggae
-0.13801486490577392,-0.09491960117633684,-0.28435887023362744,reggae
-0.2533257849766056,-0.07899438147970167,0.04326953274667419,reggae
-0.3154381484481836,0.10810613475745051,0.06398800640010381,reggae
-0.160743645228836,-0.1636830914654045,0.2987984789612907,reggae
-0.3308289594905682,0.31331020571358675,0.13746329469531413,reggae
-0.26526011074888894,0.2869970017074691,-0.16427307713468875,reggae
-0.2537740990322405,0.03636421714490136,0.24302085345495258,reggae
-0.2949640853099463,-0.04294141520130838,-0.04174672928076122,reggae
-0.08188545476635488,0.18194277159090166,0.016861592105885746,reggae
-0.28375070677416325,0.20114742379762723,0.36210541203923174,reggae
-0.34848321915349134,0.22293539596966866,-0.23927807919879399,reggae
-0.14231187701072287,0.009661540859334673,-0.2738655316660749,reggae
-0.3476600505513137,0.32713922341804996,-0.2997629477730824,reggae
-0.2574710146078924,0.042389100762051074,-0.17532777570466984,reggae
-0.2684248084903517,0.05437834584215891,-0.2532287017024882,reggae
-0.24971480489892817,0.28176061545706876,0.17538798938063674,reggae
-0.3120047914588683,0.008868389012221251,-0.12145414052805527,reggae
-0.3103090419198185,-0.001147761243284354,-0.2440787552639147,reggae
-0.3860247816151914,0.08158225918599098,-0.24367325401603274,reggae
-0.3126774628222207,0.12733370769284888,-0.028518590909371335,reggae
-0.22958936913859643,-0.1166745491733476,0.04786330133660997,reggae
-0.3799710275849204,0.19361810168390733,-0.27013211756174904,reggae
-0.2962579497142133,0.05548794036207894,-0.13780698638011712,reggae
-0.23635851432471439,0.01175011144633641,0.12881813538981957,reggae
-0.2908154553444852,0.2328582723034495,-0.24470087287688627,reggae
-0.2505688668948998,0.08904101887722078,-0.29349841518108866,reggae
-0.19704802724132445,-0.15261001563294813,0.059191311279203684,reggae
-0.25241071839233403,0.10371998407319699,0.35991477114229425,reggae
-0.2763190088414074,-0.032917976844170825,-0.1902153769507094,reggae
-0.3275205114518897,0.13599995475440127,0.01899316645611577,reggae
-0.3039992026726841,-0.026772239378496304,-0.04811124280740478,reggae
-0.31200918857067295,0.13121605782587126,-0.37131016559160945,reggae
-0.3599899431361163,0.13332490034056252,-0.33810214274555583,reggae
-0.20987047013511398,0.2492106669856097,0.11025786969368524,reggae
-0.20544719381987556,0.23102426060503814,0.09738041367160172,reggae
-0.23234058576277547,0.15502943167142555,0.02951393053029043,reggae
-0.32958558383200665,0.16270052708252053,-0.29850206521342126,reggae
-0.17960403062130273,0.004104489646688441,0.40076844743015744,reggae
-0.2595431527120211,-0.011961330387917198,-0.16046257564974004,reggae
-0.16824883394533163,0.161691139559018,-0.0630414856526943,reggae
-0.29956719855502273,0.20194033179279156,-0.2604759154111194,reggae
-0.2955407795368476,0.15185723836380935,-0.3203181503428588,reggae
-0.2955407795368479,0.15185723836380943,-0.32031815034285893,reggae
-0.25328952668206456,-0.26194406836215245,-0.2534724555158821,reggae
-0.1735536966622688,-0.14297424652902066,0.22993013337602158,reggae
-0.20771708866921076,-0.16256762518556236,0.026790578930563826,reggae
-0.1165985407177521,-0.03995167753864583,-0.2516780257214925,reggae
-0.30891027123631637,0.16082448659343548,-0.42311154832530323,reggae
-0.31740303444622764,0.2810267410511078,-0.08222045080268969,reggae
-0.18039182451396724,-0.18888177637613487,0.19057659186338707,reggae
-0.2843480458732698,0.22998776987951633,-0.2453958426797314,reggae
-0.16251062461100746,-0.019828839110958472,0.11096731607043434,reggae
-0.12484138481473313,-0.06505670002361776,0.03136500417718213,reggae
-0.3143007844498114,-0.028533665931252068,-0.24703701829257813,reggae
-0.10086668795911065,0.058606719286583994,0.4428424694870574,reggae
-0.14078140782907414,0.28134891840516074,0.3620154664391784,reggae
-0.17465143540970485,-0.07871976145366386,-0.007220580125806764,reggae
-0.16902744376729265,-0.1540393700185899,0.1386562305282666,reggae
-0.18959523001970724,0.13227194535171388,0.28621025824850144,reggae
0.2533938327818253,0.1814220770228217,0.1850755995130264,reggae
0.3582870544273151,-0.09857002804971451,0.15553013819180253,rock
0.1848609144844127,-0.1267339740877794,0.21628539747836711,rock
0.14488330378756417,-0.05190020105796009,0.02710801921514055,rock
0.04961319320331599,-0.13990055724294412,0.12583324990797745,rock
0.14537837680457164,-0.13796439448031267,0.14211873227015884,rock
0.14437796350426027,-0.12885189018597987,0.1389879229192529,rock
0.10979733141017038,-0.24775494755769237,0.15433678750952157,rock
0.1159401200786182,-0.23613033201033595,0.24930211040440348,rock
0.31187369291100586,0.03777717519335337,0.01159468436801835,rock
-0.0827833805447913,-0.19372156640467877,0.19835352758734195,rock
0.34218420533284416,-0.06317427928299574,0.13787981414867323,rock
0.15136629848579491,-0.20329609562283674,0.18635681272218943,rock
-0.050183485442645843,-0.21537559805726428,-0.017649572853686075,rock
-0.0372477779619538,-0.09440103182510366,-0.14260668249541247,rock
-0.20420463564580413,-0.21798553163642062,-0.32937364458034557,rock
-0.1254881601373815,-0.17061687270266127,-0.2245191148946099,rock
0.6233711061948513,0.1383126146715211,-0.06193697667852045,rock
0.665456281834501,0.09566152148483335,0.022372329561205363,rock
0.6275433647240427,0.10682912555539374,0.06069780895065939,rock
0.5832661225331609,0.02451206372230424,0.05156290715393625,rock
0.5347233442868131,0.011938036497671545,0.10362742574669422,rock
0.43283742187803353,-0.024419752732248997,0.0434207424366587,rock
0.45585850609237955,0.008322002000018177,-0.030573252084620077,rock
0.3207997542983883,-0.094705215725703,-0.04003130935703769,rock
0.5357448630595171,0.04091130188249416,0.030270691343554704,rock
0.5906980485769886,0.06592493144015345,-0.044861825227539745,rock
0.6510795965487753,0.06646612386564278,0.04500785018885291,rock
-0.008152815946726658,0.16232897905673072,0.36103494369680694,rock
0.003792004177900962,0.080344150520728,0.3007431968684492,rock
0.06908022978843052,0.24703604799230514,0.3756383796671263,rock
-0.09488632779354958,0.2563893588390833,0.2213092941951194,rock
-0.24884805689040315,0.16376138333673032,0.2613965889943709,rock
-0.0665699546079435,0.17643576983649478,0.17792484979171852,rock
-0.10369088688662693,-0.13468087495225753,0.5195977461067417,rock
0.0009819333833104619,0.2705023258144398,0.19418332340206096,rock
-0.13060204993354643,0.1767492116397148,0.344408901963724,rock
0.04986014595702744,0.3666830151032365,0.20784745443635658,rock
-0.03766633110918775,0.2327229289924627,0.34319188733347966,rock
-0.1547517324971452,0.35681601162481735,0.054902583365785025,rock
-0.08270902371178551,0.2759307437133733,0.35375076746588585,rock
-0.19229550697815923,0.4165537942981152,0.3806458621876406,rock
-0.1384673661643459,0.4122055802066248,0.4013176602508732,rock
-0.20161972636911535,0.3517518266757414,0.3686804978296523,rock
-0.22410818794380472,0.3340131148347367,0.3539652260496775,rock
-0.21571054412967633,-0.02858812875239599,0.3159592040587269,rock
-0.0608455461513864,-0.1309802985486548,0.15610832677088132,rock
-0.13766443425773942,0.20931482759363598,0.47995292671692635,rock
-0.2326520800497376,0.3858597687567285,0.26021641288314057,rock
-0.027984703763291287,-0.17262241431712097,0.4099201648558448,rock
-0.22117172457361955,0.030259549676155368,-0.06333939775437464,rock
-0.23462990420259672,0.10638131701110136,0.2086284185697182,rock
-0.22694043290151866,0.395853256300607,0.2349876117726682,rock
-0.29803625293966973,0.008574935169320758,-0.21291700603544111,rock
-0.07987610449914681,0.4467000840028104,0.24755576878690796,rock
-0.27399851267597025,0.09079859401522944,0.20819710463105387,rock
-0.12599799633992345,0.08768307625688834,0.4219806961564596,rock
-0.06882170644575625,0.4224209243797728,0.2162982734185002,rock
-0.16478422340391047,0.4117210033245359,0.2568697074579445,rock
-0.2614557500425541,0.12308274915650541,0.21544750232827758,rock
-0.28006653031097467,0.10658433376702015,0.13533282843776817,rock
-0.2318447002485909,0.32398003503965445,0.33758135100043796,rock
-0.288436082139528,0.003043203866190012,0.08426417778856643,rock
-0.3146653503339817,0.15807939887731626,0.09064702034873644,rock
-0.20941695008866673,-0.07069207694848302,-0.293613335014308,rock
0.47517079482087476,-0.07003378928378215,0.12911846767608753,rock
0.4904315714968121,-0.005467434124100862,0.025873554779805585,rock
-0.007835390294098203,-0.23224944631015393,-0.13893074090219618,rock
0.42884619196885626,-0.014108154682558318,0.01780908950728484,rock
0.5706228527103928,0.03530060071485103,-0.027005567180803786,rock
0.1633470595955923,-0.1581429571052667,-0.08985060667318986,rock
0.10901344573710109,-0.16091481775351782,-0.014082638013025183,rock
0.5618198820879858,0.06865939811722511,0.012121273951294004,rock
0.4722032833421802,0.050385083519234035,0.11443512855649672,rock
0.6295972392539941,0.13391054141992512,0.013143847450976891,rock
0.5625600682037115,0.0800812254407432,0.12420497058710495,rock
0.450157155751892,-0.02535546011876868,-0.017211527062126853,rock
0.19562754253894946,-0.17164211253292722,0.1309699923452418,rock
0.5433452776727032,0.07090432727258165,0.08167178216281014,rock
0.22705652991348846,-0.09435881791193784,0.10315759327021148,rock
0.5670462445730957,-0.018554604731212305,0.11467684840667687,rock
0.5833768791244778,0.023946827544849388,-0.010743922684535124,rock
0.36219543071736804,-0.08059626107550852,-0.06561490772956223,rock
0.5085467928173167,0.049997936044851254,-0.13326895252157314,rock
0.5953404499160025,0.006220639240566859,0.11084673758706344,rock
0.5600440107596762,0.03106523384075431,-0.0429420167362891,rock
0.010486088777236125,-0.2615718778763271,-0.19369988100327198,rock
0.15007311885918698,-0.12760157430297292,-0.13503901096210963,rock
0.5971129150825482,0.09671726120062,-0.038514419625237405,rock
0.38363811821061294,-0.046102691689492735,-0.02237895948927296,rock
0.2358570238240263,-0.24133842336557734,0.2904359565645478,rock
-0.06099180640075845,-0.09309114656804926,-0.25508048959505053,rock
0.576993449044504,0.08319163395477952,-0.1012231486783737,rock
0.4318776552047357,0.039112674529649456,-0.09069085105244937,rock
0.5099587442357892,-0.06716687344022505,0.1428814859722627,rock
0.546418944473201,0.08226694508463116,-0.06461108091327569,rock
0.5383211661277598,-0.08068995364440829,0.09936559311772117,rock
0.5379729065366862,-0.030959031302996893,0.10125144504423252,rock
0.5176187672021778,-0.0264412661052777,0.022368671132683256,rock
0.034809028116875515,-0.27122994965180863,0.12994845800518676,rock
0.17426912081371354,-0.28247694238451027,0.11190163874392461,rock
