,pca1,pca2,pca3,label
0,-2.789358196268113,-1.0216729353517404,-0.5234784153275596,blues
1,1.7169387537949192,-1.1780529528580956,1.3498422180799179,blues
2,-2.8218200834893623,-1.5629239088367137,-0.09018822617568793,blues
3,0.3364997796652438,-1.4851327812024033,-1.5244185364531164,blues
4,0.6100256056860257,-3.206651008309081,0.13612889780914814,blues
5,4.171877889018122,-0.644679566106852,0.4858343285437457,blues
6,5.6007513553983586,-1.6029044498712286,0.18168162153693945,blues
7,4.026763071179759,-2.668774576143517,0.47205566385506426,blues
8,-3.3912481408592274,-0.7553621056168647,-0.03051098219942095,blues
9,2.732993927961602,-2.2895162372662075,0.6370161594645515,blues
10,2.166435195741663,-1.493270399976643,-1.2582687730154594,blues
11,3.4182926218538188,-1.5881902631316405,-0.7474117113770504,blues
12,1.8081134247960076,-3.095056947631705,-0.29467851310196846,blues
13,0.7294249096125595,-3.210031654121224,-0.4588801911590817,blues
14,3.9743157880918,-2.855537309790812,-0.43923832061719453,blues
15,2.51600722293883,-2.8578960093478765,-0.5003807532882177,blues
16,2.0195448927703974,-2.477203452440656,0.46351903409566225,blues
17,2.070849890827317,-3.0941533424302037,-1.5302035263023503,blues
18,2.47127379714169,-3.0684565768086043,0.6829626137054217,blues
19,2.8695473893405294,-3.4405730055296013,-0.20216680699196435,blues
20,-0.7189677878482487,-2.90005617658207,-1.0305384637749728,blues
21,3.535206246606425,-3.251831441860679,0.11590470197747714,blues
22,4.088309789056531,-2.8395012915566014,0.4692358804527364,blues
23,1.9693225189378936,-3.7182059366691718,-1.2593424482724256,blues
24,2.6505733284573627,-2.8853504364847726,-1.9574619251788186,blues
25,3.0039043158195993,-3.119716670334008,-1.5042468174828154,blues
26,4.902261113428842,-3.1930880141326523,-0.1976081420256339,blues
27,2.039208928195767,-3.269686568131637,-1.3775651553686927,blues
28,1.8134038798918608,-3.0756445326421398,-2.775389565555862,blues
29,3.1459807811688703,-2.573383221268045,1.7138661257832604,blues
30,2.3129648326084316,-3.1021268052164603,0.35117435269459096,blues
31,2.951916151649261,-4.638616671329946,1.5892722178338683,blues
32,3.878464007064812,-2.802976455031205,0.21463505343157144,blues
33,3.0479122202319897,-3.3226121849914745,1.2914068770678035,blues
34,2.0984597968138075,-3.6374361454959074,1.525683288896551,blues
35,-0.06209796298836089,-2.4701154680359014,-0.533311434351264,blues
36,1.54738934637599,-3.8200533022019423,0.5590344272393405,blues
37,6.549550678207194,-6.013852454170642,2.239965939180689,blues
38,1.1652420258680907,-2.4817439342835588,0.7010792069526759,blues
39,4.402341624050223,-4.5953721399679806,-0.387272569745688,blues
40,-5.683099431532781,-0.4301796881999894,1.2107444598968895,blues
41,-4.61140395080113,-0.11778362857475855,2.2593366876404533,blues
42,-3.0826894437545067,-1.4978037733013785,2.4081278744786547,blues
43,-4.765113220253046,-0.6211706721855035,1.5865952838539914,blues
44,-4.12491446574755,-1.3438430609284098,2.5725897767725514,blues
45,-5.706920205429944,-0.8252373674722099,-1.1331411851217625,blues
46,-3.786499690803464,-0.47262340379346346,0.10023599428756372,blues
47,-4.823353078146058,-1.347671946534148,-0.41736833310486876,blues
48,-4.185182286563547,-0.9683201993381152,1.5562897756657361,blues
49,-0.7834356905118438,-2.913379443080373,-0.9787958417193436,blues
50,-3.821152643627425,0.1596621074732978,0.617851977790515,blues
51,-3.9078810231870134,-0.6094219568762484,1.916854556139558,blues
52,2.0804637173303036,-1.326767616324953,-0.5381118169583178,blues
53,-2.045015826173502,0.31337297597097125,2.171753369325474,blues
54,-4.052698154845078,0.6429775910347925,1.1176456982817393,blues
55,-2.492532988426442,0.276925824054918,1.5065153307333448,blues
56,-0.12422107824603226,-0.7465399084451546,1.4760907029809223,blues
57,-1.2951162933824283,0.00460826107850585,1.462097014736276,blues
58,-1.7635688642290008,-0.4457480087745954,1.4857747479898595,blues
59,-3.2736479136642354,0.8631066434913023,1.4129102917664815,blues
60,-4.1287619013416545,0.3965425889109052,1.0217991169197933,blues
61,-5.8116205681531765,-0.5540040184352623,1.2445156245961013,blues
62,-0.3890817773831731,-2.4968377571015203,4.210244047530124,blues
63,-3.594307659062595,-0.7622953883381579,3.1170915332871436,blues
64,-6.481566995320559,-0.6001288819521733,1.0180820642640012,blues
65,-3.795298217553838,-1.5651720475534583,3.6630940646228844,blues
66,-2.8842075718866056,-1.4206567104867776,3.018368178490686,blues
67,-3.4889732420130315,-1.3094924773510872,2.9231476889318415,blues
68,-4.568331487765951,-1.1736133611926827,1.9578223733606948,blues
69,-2.884149102987344,-2.39721596942281,2.0781784005187243,blues
70,-2.0475501224071557,-2.006330024880013,2.424631462158985,blues
71,-6.237970889607996,-0.7695401558740724,1.027122895559468,blues
72,-6.325027098295696,-0.748822041691665,0.8509884564791742,blues
73,-3.966275110294361,0.8546161693977485,1.0505665728709526,blues
74,-2.8442773589875494,0.7103683392261209,2.1944201958096996,blues
75,-2.508379541963334,1.60760807157664,2.8140832441264307,blues
76,-4.511332937624967,1.1825904558738793,3.8584787897572963,blues
77,-4.640223562075999,1.321170724017584,1.8545786160371067,blues
78,-6.361696005985384,1.1594884406503658,0.9685620516437933,blues
79,-6.607074213663972,1.6554087753734013,1.5049258645546117,blues
80,-2.03160369492203,0.12322966837518848,1.7295923339088297,blues
81,-4.62095361806105,0.3802858091674518,1.6060573485020975,blues
82,-3.3182975374099843,-0.1587151413662916,2.6637573853298098,blues
83,-5.750412481430322,1.3422196771187274,1.3753293326525509,blues
84,-3.9017651564742293,0.7027405770938049,1.6113330710061107,blues
85,3.65701065955809,-2.798730838918422,2.6019073862427486,blues
86,3.1885630881329416,-1.3471640087082741,0.0686110642419908,blues
87,1.9234848789719357,-1.912824426689405,1.8008564281885844,blues
88,-0.8183545314541971,-2.3951148851542956,-2.373794613485252,blues
89,2.9613175370224623,-2.7462452821718326,-2.5742146073491883,blues
90,3.018919419845785,-1.1918074157674248,2.147480626802757,blues
91,0.8495725445699323,-2.1657048911455283,-1.9642530772131515,blues
92,3.9137402745002663,-2.2605205710062335,-1.050487775951216,blues
93,-0.21058838224757387,-3.070489959767691,-5.383854091470654,blues
94,2.2862780958844757,-1.1903458794073956,-0.2289854758032629,blues
95,0.7357779274520194,-1.7692672991082548,0.8282576031079785,blues
96,4.80147865055682,-5.8145299535968595,1.9830930339559627,blues
97,1.0900567247909558,-1.6465769194188398,0.23446776659093876,blues
98,-4.789218178975053,-0.07223577037258933,1.6459572697781426,blues
99,0.6805768337943275,-2.205764311094579,-0.08243116145954514,blues
100,1.3066351484343564,-5.764651471127064,1.7911738444477627,classical
101,2.8094334111386354,-6.591070395235386,1.10441333397837,classical
102,-2.09624952356207,-4.371699940620813,-0.16699751123347625,classical
103,3.263928518560374,-5.952388597596624,1.390245816440382,classical
104,0.5034151048606547,-6.078931445692525,1.7569210816885996,classical
105,-0.38139798386187523,-4.430586705750905,-0.7002965847320544,classical
106,0.08011391260986642,-4.872327723990923,-0.5092911533960571,classical
107,1.3970703348335367,-4.483725682460183,-0.14655020149930365,classical
108,1.7677248952257298,-6.154924433480802,1.5927094067221355,classical
109,-0.46237740267205524,-4.900726827252094,-1.3786351099976155,classical
110,2.2825517586469846,-5.277718848258183,1.33789568849214,classical
111,0.5430879726842166,-5.304717696525194,-3.5093783252861526,classical
112,5.69336958649826,-7.683461560607066,2.280209926454038,classical
113,3.9242612452434544,-5.60149664615544,1.0860103441636701,classical
114,1.654231456856851,-5.838259192392277,-1.1855849880692066,classical
115,7.973751632081327,-8.071482038077122,5.55875853486477,classical
116,0.6334842589238641,-5.738507837463235,-1.790462265028527,classical
117,3.190151648366897,-5.596977848525927,0.7339540531594113,classical
118,4.195920795005919,-5.305822654683139,-0.6628232849338141,classical
119,4.312108456927264,-5.954284552903586,1.0800140530270856,classical
120,1.3759433970987713,-5.5750511761352275,-1.085610816163154,classical
121,1.4138950465603328,-4.690453119261739,-0.7179290379638964,classical
122,-0.27812997794100563,-4.550247492818789,-2.1873801535154658,classical
123,0.22601152936792507,-5.703041564645459,-1.747950735480787,classical
124,-1.4615869092084315,-4.874203372734896,-2.2967367814746473,classical
125,-2.4801690289718663,-4.5459349188572284,-3.0943858187632576,classical
126,3.1140172925264773,-5.356395233006787,-0.47603708648254484,classical
127,-0.3663354993115086,-5.951892779669413,-2.55771827589606,classical
128,0.42220253166181315,-4.4274044438971725,-1.9014702321515702,classical
129,4.424757051365589,-5.948596524052768,2.340901181487577,classical
130,-0.07466847061781302,-4.857522679925685,-3.054079605239086,classical
131,1.0564228877133435,-5.024880957277942,-3.8665483641296956,classical
132,-2.1537307477982637,-5.488652768110636,-6.021697908868021,classical
133,3.9992730010899753,-6.0924049994704745,-1.0680961107138252,classical
134,4.939852141217528,-7.686112045380987,2.1166976343940345,classical
135,1.5650928246996978,-4.501967544095737,-2.9866876315857813,classical
136,2.456638664373538,-5.10858134888286,-2.1030876731047,classical
137,2.1629865036934084,-4.690860519430363,-0.677703563177142,classical
138,0.4803784719221492,-4.676391504108092,-2.4404990052779683,classical
139,4.4981757885512845,-4.82148106795396,1.3825604599884793,classical
140,3.203224062705095,-5.7611448219282675,0.3744880476692489,classical
141,2.8065561845475844,-4.956120099529105,-0.22532330579437443,classical
142,-1.4827672297648171,-3.8068382995926275,-3.394980949729516,classical
143,0.9275302963768325,-4.754013112985494,-3.608963287975728,classical
144,5.066615484059756,-6.6512371144776115,0.2447330288905246,classical
145,0.8229404406402572,-4.539640977651832,-1.8824743890099729,classical
146,-3.6234628711411903,-1.3810619303662635,-4.17685338034841,classical
147,-0.2635379362628527,-5.403001904964829,-3.6646934494693393,classical
148,0.9543691705060663,-1.2477588269427775,-2.8494668188558294,classical
149,-2.1736523225232625,-0.22587014814912487,-3.7788190102870267,classical
150,-1.61741505990593,-4.455571231946392,-4.870682922724908,classical
151,0.6362693512525495,-0.8489872950395174,-3.266781549117242,classical
152,2.642390084350236,-1.4976506233264057,-0.5527177046506897,classical
153,-2.2823986576112536,-1.5066631997441882,-3.5827167349800244,classical
154,6.413828033549839,-4.1789015535853915,7.107019427328426,classical
155,4.389936726427517,-7.614483598306929,-1.690804572824996,classical
156,-2.3719228558394576,-0.9055881322677859,-2.3210353490914493,classical
157,5.139086048169986,-5.047415262333859,-0.0940094031901492,classical
158,2.422676994539031,-5.8902350155829435,-1.8133636440860765,classical
159,-1.4338674821621773,-3.2492414922633506,-4.754714718867675,classical
160,-1.8745516225076897,-2.3680887576856273,-4.646549805376579,classical
161,2.079886509062482,-4.781097125472214,-2.9207196060936917,classical
162,1.0535071286334676,-2.351638236153486,-4.919247560816012,classical
163,-0.02420892609692837,-5.6393219135442685,-5.500133510310106,classical
164,2.0158492108253454,-3.619577541477327,-4.103476018305091,classical
165,3.662639962665966,-6.626277127856802,-2.081570807339009,classical
166,2.9785188933372857,-6.9044424487201566,-2.8202731285930596,classical
167,4.398302132044538,-2.895190844272386,-3.5224799343126345,classical
168,0.6173823852147855,-4.511843520868973,-1.893976640128242,classical
169,1.207950433913598,-5.231194350148312,-1.5045719679991587,classical
170,0.6540325346498415,-4.150547939265073,-3.234319272036668,classical
171,1.457275633980034,-5.0959001397179655,-2.011775787276256,classical
172,1.2129031164084592,-4.4574895241358785,-2.480488789680915,classical
173,3.286091684811292,-5.860351900084197,-0.6684496681065989,classical
174,-0.3467526605674818,-4.2302975038075825,-3.8303238456290134,classical
175,4.0352361217799535,-7.1669784582125775,-0.08206453199873612,classical
176,-0.6880747680694342,-4.1950831096681265,-3.913972950437669,classical
177,3.721919785975754,-6.510813044151503,-2.3928949499843575,classical
178,0.22021832572869973,-6.453707005806793,-5.493109709182198,classical
179,4.216597744196878,-7.507807814028256,-1.42989637583712,classical
180,-0.28706842384128883,-2.243165158730109,-5.462193976705053,classical
181,-0.3287276019705107,-4.374076228166045,-4.363776054977935,classical
182,1.503360620430001,-5.230816469013782,-2.199833991400461,classical
183,0.2967179086935776,-6.110307711643779,-4.663640237480808,classical
184,-0.009837082728965413,-5.242678174370832,-4.7379656261661145,classical
185,-0.08736443527755525,-3.396662731706464,-4.342743819315999,classical
186,-0.3334184058312378,-3.890544387178676,-4.208790140377002,classical
187,-0.29530421408143637,-5.675545036153684,-5.352026711583393,classical
188,-0.7645569391928284,-4.441353537696015,-4.54362685836769,classical
189,7.896335058989958,-5.924473605428011,12.673230736249913,classical
190,1.7484212382007198,-4.96432293168857,3.8253920720970376,classical
191,2.775825842680889,-4.786422307622301,5.906190596464747,classical
192,8.179588984717368,-7.506844137187968,6.762544191100513,classical
193,3.0327879194259446,-5.640575619486834,2.578336106699462,classical
194,0.36301352368220313,-3.724171346426671,0.12112017411397445,classical
195,4.891315485311806,-4.73344561622337,2.3701530560337947,classical
196,-1.0955086395978382,-2.878260707455989,0.7136369428309333,classical
197,1.0112153456601987,-5.43489697765229,-0.6631079382388964,classical
198,-0.8940597170843917,-3.7166360265379352,1.6969406691859947,classical
199,-3.476454716270916,-3.609092084161412,0.7103280478647755,classical
200,-0.5197506968616364,2.8039137011954525,-1.3713419121030521,country
201,-2.504259029590866,2.9488921084521365,-2.51205101642647,country
202,-0.49019571160371833,1.0182466379974133,-2.3480715440550015,country
203,0.6983023531188102,1.2590812181685342,-1.0206468312807653,country
204,-2.3219443211006907,2.932633459691013,-2.3458484054525073,country
205,-1.0303107359202706,2.6472770298595782,-1.2096120146845617,country
206,-0.9961914492830204,3.1241817710184474,-2.427000626525043,country
207,-1.7025915622165366,3.177523833929668,-1.9440637310201474,country
208,-0.207418901360346,1.9389841678298099,0.2141492384906773,country
209,-2.6980612196553304,3.9373130964234395,-2.1940939503663004,country
210,2.782103049887487,-1.3655969413009996,-1.4413070605037148,country
211,6.488947966043785,0.1566130392444777,1.3308980277690465,country
212,1.0101940324285932,-1.051378214532802,-3.2917315628801114,country
213,0.529937929176987,1.0515307696736462,-2.660460459433615,country
214,0.8375900037151804,1.8494487787377194,-3.023426162109191,country
215,-2.243400654590777,-0.7220819623714175,-2.9904655918652354,country
216,-0.6332016191005373,-2.982150458589445,-3.41340468424165,country
217,-0.9461661319742873,-1.4398189334379863,-4.356304791959115,country
218,-0.07646131483217655,-0.31897198648205033,-3.1698535524193447,country
219,1.7677721797176724,-3.030241137934692,-3.022110647200531,country
220,1.8442793295183624,0.8306898287586931,-0.3644096187408589,country
221,0.6226837049611746,-3.5149971916316822,-2.9244662518795876,country
222,1.8230207498948297,-2.2487816471733884,-2.3860837484745474,country
223,3.1827075888209313,-1.9478139653041497,-2.8559234632829136,country
224,1.9329358071054514,-1.7998072195800132,-1.3955557492662087,country
225,1.0755602010218297,-1.5687400243275669,-2.887977384640807,country
226,2.278068806725843,-2.02725122078278,-1.499730762192321,country
227,-0.6467640927389937,-0.45055869513257263,-4.13563195832981,country
228,0.1446260008881032,-2.625268725102606,-3.470277104922999,country
229,-0.24264577515805427,-2.4565935756726467,-3.353622235506539,country
230,3.186350223017951,-3.8317187965256454,-2.011038799800211,country
231,0.3563558397921236,-0.39640358708135104,-2.6302080131636476,country
232,1.9763551633374492,-1.6249351088869846,-1.534965890021759,country
233,2.024028424703868,-0.37304294531368154,-0.7996945766190563,country
234,2.9017250457256436,0.7014420445202811,-1.9045223472261643,country
235,1.3813029390975233,0.5435826246233504,-2.2557174263110005,country
236,2.407968977106256,-1.8675025348847278,-1.5014563956238745,country
237,1.5068638054201358,0.20814807105207758,-3.2705725980160927,country
238,0.5499734681394027,1.2240175282415064,-2.9920052685917184,country
239,-0.33413628732931727,3.214874460121031,-2.4322564870354175,country
240,0.01986978537970674,0.21374198110037607,-3.080074368041431,country
241,1.2260410276653833,2.3909947335566994,-3.5554970499823724,country
242,-1.2428809507406704,0.521229767528377,-4.087177007045177,country
243,-0.4793363590056093,1.1864701800396134,-3.497321372605297,country
244,3.772508068468687,-0.0799383534516299,-1.8927036167172357,country
245,2.1118575135783053,1.5179434757801105,-1.0206134656786603,country
246,0.9553786301142811,-1.1097692655732792,-1.7365132571680035,country
247,-0.279217823562044,-2.690767899505451,-2.129573726327289,country
248,2.086741727510116,-0.7397440796296745,-2.8626778372631945,country
249,-0.16834349492394443,-1.4871047958628296,-3.7327331305527935,country
250,-1.079154852476089,-1.8136138062887253,2.575447319222354,country
251,0.6159502223055572,-3.556712677550623,1.6703279240187905,country
252,1.3712101925015674,-3.156832333518267,1.209968488970819,country
253,-4.753041924995957,-0.6036806505678968,1.5397725347287443,country
254,-1.8301196383849,-2.401161341521849,1.2493371947859262,country
255,-4.645390677796883,-1.0559826098639407,0.8605432905971746,country
256,-0.26550626710531344,-2.4876479700369827,2.3166785916490107,country
257,-0.8511789152510943,-2.201081887722279,1.4261253762619044,country
258,-2.6076949226802255,-0.7270055135798245,1.4141896605269533,country
259,3.2307674482339364,-1.8085979795035139,4.170919170828027,country
260,1.0062487113114542,-1.6946687579874895,2.138264580803239,country
261,-0.3802770951394464,-2.4656901807153386,1.3141688509151797,country
262,-4.220554908895149,-0.5810248198447655,2.0410677031057554,country
263,4.1703770094496,-2.1928560302077877,4.25913576151276,country
264,1.8449577083643045,-4.144852169699067,3.0290906038578314,country
265,2.706975824613532,-3.587829669251282,-1.6848053114720396,country
266,-2.484125825330037,-1.6571772384538686,0.4324604497854702,country
267,3.8898878148835845,-3.6449278000164442,-0.8643042105909775,country
268,-0.19527001696015447,-2.695178814916722,-2.215209942139412,country
269,1.362156637252959,-3.19887080699594,0.33219183558826354,country
270,-1.9732356028216167,-0.8625886199407385,0.5770971309191972,country
271,2.9608627880375966,-3.9827464325110085,-0.2973824416274467,country
272,-2.0265852145174383,-1.784127433438236,1.4789746794851437,country
273,-1.1064884748514627,-2.2849260571796255,0.061809693329720874,country
274,2.7422038457571,-2.5571209957322028,1.6482036289269828,country
275,-4.296146290792404,-0.22776684069830314,1.178616157080577,country
276,3.371846606165141,-2.5426705698618597,1.2649772242630188,country
277,-2.5934761347621356,-2.6801578000545843,0.17142368695622032,country
278,2.6695359719218583,-2.472814342400635,-1.2635619360675874,country
279,4.0162160328787255,-4.194817691281891,0.5675387687942752,country
280,-1.8522069278022408,0.18714303260153467,2.2944948084643277,country
281,-2.3565079853326902,0.05379422069571158,2.2839401620573283,country
282,-3.1466619980466235,0.19839575077393218,2.802514041533617,country
283,-0.1687190725401564,-2.243924228729045,0.9076194848618722,country
284,-1.5631129294665633,-1.0304223181735226,2.196527029532129,country
285,-0.2731889768992251,-1.597049017918385,2.0594373318781845,country
286,-0.8713986387957767,-1.3008586833134501,2.8577029186160003,country
287,0.8366190381304265,-2.705663534186245,1.9766266355972015,country
288,-0.9833368430124304,-1.332597469870213,1.6931230155817423,country
289,2.8054427714178467,-3.1019463667936806,2.3183865042470257,country
290,-2.6355788737497194,-0.8782999344465133,1.6078290635954704,country
291,2.887378590961913,-2.9904630190077626,2.6922359376398313,country
292,-5.53952867307826,0.18099205206392552,0.8505628522083568,country
293,1.9055015818382866,-3.8198510346920846,1.065749828438642,country
294,-0.8444727709995351,-1.1099797757595673,0.7568474366472889,country
295,0.6139764416329383,-1.0328428090442128,0.6880203082691156,country
296,-2.0818435240850732,-0.3472524737158914,1.536463198523924,country
297,0.6388743039412247,-1.343957517987969,1.5912279707629402,country
298,0.38420483832163993,-2.6509078943124185,0.6595791183347924,country
299,-3.7593767793292248,0.5064486532480106,1.6180092627870477,country
300,1.2679243874706823,2.315119235025125,-2.188642163485602,disco
301,-0.601884850934626,3.2653246889689256,-1.368190468287805,disco
302,-0.4168973760051801,3.7796042887185144,-3.478206888139743,disco
303,-1.7233622987743897,4.429103045679052,-1.568210033500042,disco
304,0.5362571565910337,3.0479014421131114,-2.8899938164709327,disco
305,-0.4534984335222143,2.8352236236245645,-1.7182530233736626,disco
306,-2.1491563422185465,2.410456352467454,-1.426468856346074,disco
307,-0.03331515433323544,3.1233949379384693,-2.0699086313747657,disco
308,0.1836293185815363,2.375625514169737,0.27024116322145275,disco
309,-0.9180652559119834,2.2108604551664084,-3.3602711065169655,disco
310,-0.8373350756125512,3.0369297905417105,-0.8567027781340981,disco
311,0.11093920123858068,2.9650999363359496,-2.643725363471958,disco
312,0.6583317246199016,2.5391002948686836,-0.4843836158374718,disco
313,-0.2593395120567437,3.2704978213193425,-2.7493122751918166,disco
314,-2.678436750035686,2.7299896084590456,-2.6983892138057164,disco
315,1.1720089562494855,2.6167550950100864,-3.488732578738796,disco
316,-0.5587766268993551,2.353266029958263,-1.7844210588766425,disco
317,0.9910250685229248,2.0729591807904995,-3.53455626381435,disco
318,2.872008784166779,2.002088501933067,0.5420063678570394,disco
319,1.3244316470795225,2.5996348482519105,-3.8087398807050454,disco
320,-0.27046627946208973,-0.4791496135658899,-1.5670138112464378,disco
321,0.9519271995465838,2.686364732941006,-3.0355643950209044,disco
322,-0.003834117124071195,4.227568708522651,-3.035238693826224,disco
323,1.2719669339092434,3.8407406244917746,-1.0491715047000585,disco
324,-0.10786091245393929,1.6196029169357409,-2.917297762410607,disco
325,1.9869960416444958,0.6015701893869262,-2.183630372963902,disco
326,1.3189677828960158,2.66817101061392,-1.599711229873044,disco
327,3.721262809652316,4.396089789902096,-1.6722985897214304,disco
328,-0.462108873276369,5.711983745499545,-2.600173170377818,disco
329,1.9636133566598102,1.59388403043769,-2.385959837161309,disco
330,-0.6202981155088562,4.089952442351826,-3.5019549896821145,disco
331,-0.3994764985215284,2.3445897971093177,-2.6170484495362722,disco
332,2.626720737518553,0.4559386179668451,-0.9929960530567022,disco
333,-0.5401406337726078,1.0285502147208478,-1.0889301659700164,disco
334,-0.0739339969074547,2.3294220536667307,-1.926250646480818,disco
335,-0.0187910073795234,4.087073228014375,-3.06424221489882,disco
336,-1.495727359377227,3.386192358530288,-2.9035870607273946,disco
337,-1.0581022420683537,4.493175623448119,-2.8005870932326493,disco
338,2.477772554918314,2.046893195132983,-0.9487798927258341,disco
339,2.061314368898714,0.35895234133751563,-1.6481261649023577,disco
340,0.8834374326685822,1.58092389161234,-0.7194222382043365,disco
341,1.790115958956268,0.9991092437072131,-3.409645569635109,disco
342,-0.9055999413121175,0.675543023848657,-3.0809277465839453,disco
343,3.0598465793559075,3.937524231925572,-2.2913855764667694,disco
344,0.9544947518902128,1.2996117636296793,-3.3792686008973694,disco
345,0.7521580871929443,2.0355966812739648,-3.5824693402214427,disco
346,-0.48005540159518845,-0.9362196081998363,3.5462174358946825,disco
347,3.5289902046983705,-4.984532065804511,1.1025641409222753,disco
348,-2.9509266382445736,0.21595207384519044,2.241931701014699,disco
349,-2.9392895019582217,2.1293936415861294,1.6170825862079183,disco
350,-6.063454999439021,1.112817298619386,1.5559835281188334,disco
351,-6.481161371892038,1.030135782618532,1.5362580550716656,disco
352,-4.5565566165237685,0.019023684450498027,2.767129304503869,disco
353,-0.9676474644944648,3.988978128546351,3.142322612490261,disco
354,-0.43078021317072374,-0.22965150296317788,3.0212309776734947,disco
355,-3.308008554605661,0.3623340048198835,0.16727721628229927,disco
356,-1.7211658385768203,-2.187719672511167,1.2122277645316162,disco
357,-4.866877050679321,-1.529078170611128,1.0193370114729003,disco
358,-2.550787957575752,-0.20923910302908416,2.1015150908067333,disco
359,-1.2558633513019775,0.020217699349251907,3.1326040561971915,disco
360,-3.4755352328375806,-0.3222022942646037,0.6473089825688525,disco
361,2.111893000214631,0.18607744695573364,5.221557760658591,disco
362,-0.4218041723913998,1.76661263598487,2.7716133959288163,disco
363,-2.846992997152608,4.50188491823094,2.635369530138989,disco
364,0.32544849896701694,-0.9894262951043954,3.5895960590355016,disco
365,-1.1816224024796516,0.8609238564217521,0.8914857787115837,disco
366,-2.710164726797064,0.8274414012661822,3.263401093312023,disco
367,-5.0213817736290824,-0.36252763679391864,1.408244560516497,disco
368,-5.32168298305885,1.514262984906622,1.9086183890408883,disco
369,-5.490125461639545,-0.6841773057535093,0.2170997310522707,disco
370,-5.9634097124384695,0.779485492898703,1.035657087015629,disco
371,-4.9567728773650535,1.3153174133390901,2.2897919282370145,disco
372,-1.4841806070565358,1.140515766151324,5.101592984237237,disco
373,-6.081467108036573,1.4002624144091032,1.276983906473049,disco
374,-5.050491459234692,1.3436179146763194,1.9790289009373367,disco
375,-5.371485594725074,0.3854492919772221,2.160516729535173,disco
376,-2.953110922687641,-0.908430798112983,2.4614744560488093,disco
377,-3.328668400253605,0.9431076727377223,1.7342765068021866,disco
378,-1.8455667815023942,-0.9748308872218663,2.16156334062144,disco
379,-2.498488827172115,-0.1156751159257447,1.276468070093899,disco
380,-1.0676631818203415,-1.0458500790779863,1.8173784880895025,disco
381,2.5394763831296325,-1.8027453128702893,4.1125626439495395,disco
382,-0.2572352121786931,2.635915607681856,3.2013097298583846,disco
383,-0.7672466150314611,-0.6761646019260633,2.7367693882890034,disco
384,-0.31773730608334844,0.22430690597905842,2.215529802524679,disco
385,-1.205531028463273,2.513499706118455,4.5097226683910545,disco
386,-1.005647385643616,-0.9729053927766025,2.021131180321576,disco
387,-3.586681933915613,-0.7669406862599646,1.6543630485069643,disco
388,-4.820329019632016,-0.10552518192271523,-0.040322059411221474,disco
389,-4.375541134673646,-0.48902060006065246,0.9605635107713809,disco
390,-4.3386622903640335,1.3819338784334305,1.167851593933187,disco
391,2.3239611652853855,0.3984455401125082,2.166626669424009,disco
392,-3.0111459374360914,0.011156920016959018,2.356242737679899,disco
393,-1.4095602509145273,0.02557758661840642,3.9365340272970837,disco
394,-5.097373623660116,-0.28652378834925785,0.2097763507851515,disco
395,0.5566014782969672,-0.0368452429401828,4.193254403466125,disco
396,-2.317131248337011,-0.1911207237163808,2.0466114815025445,disco
397,-4.6468782702123805,0.8498442136339289,2.178950434312525,disco
398,-4.287255996532701,0.15324783643381334,2.093798103202362,disco
399,-4.287255996532701,0.15324783643381334,2.093798103202362,disco
400,-3.0654910993893627,0.6366987596713618,4.121795955585732,hiphop
401,1.4902310445845168,4.327124988971784,5.201955827912464,hiphop
402,1.617193828818828,-1.5586025575333766,2.1162484964655204,hiphop
403,2.1272513881228914,3.660106911086975,5.229690390972232,hiphop
404,6.01864169936273,3.543054757006362,5.2144224413713784,hiphop
405,-4.218256758467895,2.9309584080118958,3.1627878056778007,hiphop
406,2.1143774982407537,5.074185293063803,5.529188739447741,hiphop
407,0.5272443074213174,2.714763783288966,3.344741209857136,hiphop
408,4.532576061561566,1.8882599638377169,8.430415781486836,hiphop
409,0.4718660780682049,3.385529464230829,3.3818464666189154,hiphop
410,-2.9873731810184583,0.5850986786550247,1.8162719026782144,hiphop
411,-1.5410235729554405,0.33894599903662015,3.337929525014073,hiphop
412,-1.6271530880096972,-1.1862971267645965,4.063509804439262,hiphop
413,4.312738225593448,-0.33428531204008105,3.1844083971338617,hiphop
414,-3.139494938610447,0.9150870558240748,2.291560266859215,hiphop
415,-3.729439353931851,0.5166588143502768,1.489567794109143,hiphop
416,2.1182601096948295,1.3191723290726058,5.0997899527224915,hiphop
417,-3.5225679941902777,1.1748471471730104,1.4756937483149426,hiphop
418,2.102902597927144,2.1834207194696025,6.556147414440694,hiphop
419,2.527031197274938,3.009161615414753,3.7029341553566866,hiphop
420,3.6288840542433967,0.34556973154302334,7.888666406571034,hiphop
421,-2.4663134595104177,1.9314293357536194,3.9165826385130167,hiphop
422,-0.7864482641619825,0.7234629140542987,2.743892534628659,hiphop
423,-4.781331708089669,0.5931782314753645,0.8774351177974643,hiphop
424,0.5806195464852887,1.3003129414580061,4.098166424758375,hiphop
425,-1.6326667698572328,2.294666999991322,4.15612420104725,hiphop
426,4.648807202614776,4.5726613692008105,3.7184988566407666,hiphop
427,3.455810033069215,1.796620232002338,1.0352510045208694,hiphop
428,3.0998361517945683,2.795862540602687,0.2165407615940558,hiphop
429,0.5979017372058691,4.013147385307859,-0.3479387164575177,hiphop
430,-3.6890782396913937,4.868929421657019,-3.2565604296302704,hiphop
431,1.3200497456671145,4.397810465682877,-0.605946934875712,hiphop
432,1.7479113906223345,2.7473881620314526,-1.2561568290175436,hiphop
433,1.457991785256167,5.082205436856327,-0.31118070285085575,hiphop
434,-2.0518298680545364,4.1213836794307745,-1.2388130243077902,hiphop
435,1.816051579293442,5.013179557761245,0.45330837334148355,hiphop
436,5.39164803477518,3.6835912239685005,0.2275858812089567,hiphop
437,8.60590322837283,6.107078943735827,3.440631575703635,hiphop
438,6.051311803091365,4.53703349503395,0.971297624089142,hiphop
439,9.161305106664203,4.283914560474514,1.661184179541422,hiphop
440,9.464139621427792,3.271109363107531,0.9613052304372945,hiphop
441,4.03969641071985,3.502040684009839,0.1893335285183516,hiphop
442,4.933005808185011,4.050171463218996,1.901378416264847,hiphop
443,3.4823106999832723,2.682017503594878,-1.6995354984706972,hiphop
444,7.774697980107653,0.197777024155892,1.128904269577473,hiphop
445,9.161305106664203,4.283914560474514,1.661184179541422,hiphop
446,2.3315838203431416,4.397290539446244,-1.145199152783141,hiphop
447,3.7160148374176285,6.285248362623566,-0.2948775881011918,hiphop
448,0.19063590475663192,4.05869823387297,-3.562311682245517,hiphop
449,1.1952348569953044,5.416098311243058,-1.3315233000696012,hiphop
450,4.396951980610096,3.3105865304788367,-2.158980755696765,hiphop
451,2.0253789190126117,4.168691785514511,-1.1285403077543699,hiphop
452,1.7576452393603437,3.239395022765149,-2.5631353721107577,hiphop
453,3.2622831548149076,4.200499492463544,-1.5166272892030144,hiphop
454,1.283585082018531,4.089309889316266,-2.5199934764640135,hiphop
455,0.23763978954088247,0.5393174830488666,-2.420819848123474,hiphop
456,-0.8706469697351721,1.851605446609518,-1.5117386129119557,hiphop
457,0.010072524237633948,1.59664755938815,-2.955822401894942,hiphop
458,0.8079184130248703,3.1675629027186405,-0.9705708178421497,hiphop
459,0.43112578213953473,2.1169226735912323,-2.301760051792217,hiphop
460,0.8574225751307234,1.0612552581170163,-1.244393664485051,hiphop
461,1.038172680500572,1.040299104211768,-1.3531984755590394,hiphop
462,8.662497774607173,5.359766184312254,2.7220217901475117,hiphop
463,6.508735686421962,4.038984625293146,2.886319807337998,hiphop
464,3.168225619815386,3.428068145162636,0.4169606755982155,hiphop
465,5.7524102735219556,5.469447792980495,-0.4022965738963528,hiphop
466,3.1206391685176484,2.4995700737719284,-0.4930972960274685,hiphop
467,4.661096371022926,5.614533234856611,0.7563945067134195,hiphop
468,0.7416374873005971,3.8200361979304733,-2.336211452586015,hiphop
469,2.2960617145205227,6.015419687012776,-0.6043669679278001,hiphop
470,1.810943737878304,5.445059746037945,-3.3587264255632294,hiphop
471,2.875488160092882,5.282405374280362,-1.0114151996750615,hiphop
472,4.061161555361046,3.4976160614016796,-1.9622370132549307,hiphop
473,3.5973020239826505,5.959851947432326,-1.5488531251703332,hiphop
474,0.4890797362316477,3.791742352442414,-0.6249748524030618,hiphop
475,7.117846822345265,6.263864304780119,2.6633276371488552,hiphop
476,7.8340844695822485,5.170887797989069,1.4706916673814912,hiphop
477,4.494957355680017,4.362408869063911,0.8150351519689819,hiphop
478,7.8340844695822485,5.170887797989069,1.4706916673814912,hiphop
479,7.000143116931659,4.672668314532105,1.3643103923918685,hiphop
480,2.1648497635567,3.0908650660499895,-1.3667440892374434,hiphop
481,0.17203852710930315,-0.12694803084081654,-0.06746061815436744,hiphop
482,-3.18575053794192,0.5709805940927688,1.5300185594664966,hiphop
483,-2.1803112265207787,0.21207073706043225,2.9784516983939775,hiphop
484,2.5243382503534733,0.41021118084306823,3.3923034714016564,hiphop
485,-3.6188354317013585,0.5924387874227186,2.268712235424307,hiphop
486,0.12080585680942527,0.08208689843197974,2.5127005405368674,hiphop
487,-3.6916473130565373,2.2142302229137827,2.0748538594766384,hiphop
488,-3.4678699911135324,0.7126018140886502,3.49097831019551,hiphop
489,-4.29707210378361,1.4145728520690761,1.8182953467245455,hiphop
490,-4.0757041271058085,0.3082610888720371,1.6237714554277682,hiphop
491,-2.850195229014782,0.8618069851194058,3.3284812590157262,hiphop
492,-2.7800770654225615,0.7838175241267631,2.9602289993622892,hiphop
493,-2.245811117329051,1.2536800442779388,3.1260627477231537,hiphop
494,-0.06425113244367969,0.20943374412726395,2.814121199357866,hiphop
495,-5.6991599060363125,1.6501011138099255,1.0075997391288618,hiphop
496,-2.0684731594506633,-0.870566238758113,0.7271929285301912,hiphop
497,-4.069769668280483,0.6150705217769025,2.6130624251967003,hiphop
498,-3.433365011289949,1.161266723590675,2.432706613105617,hiphop
499,4.644040653410659,0.5625486474947101,4.507403646152224,hiphop
500,0.8542053614002965,-1.9031564593933838,-4.407135712918597,jazz
501,0.6127064886826602,-3.2331819371690123,-4.388530645261285,jazz
502,1.265342874802793,-5.009697893055104,-2.803671703859286,jazz
503,1.1923054382025595,-4.053346089534795,-2.2674908143053454,jazz
504,4.010721855947781,-7.331625919602652,1.4349493403843314,jazz
505,9.975983681219013,-8.079669354928036,7.300457812762511,jazz
506,1.927932526207524,-3.7213218541648816,-0.20653672979340112,jazz
507,8.820226657550577,-10.279272535158144,6.039048853592456,jazz
508,-0.6346493605843754,-2.4510249711978975,-0.713317142825316,jazz
509,0.1279182465312821,-5.414308297693566,-2.5600614196975764,jazz
510,2.225445960251816,-3.144834052985386,-3.1107056271916003,jazz
511,-3.7924387741798506,-2.039315009039227,-1.089736090726857,jazz
512,-3.8595570579089924,-2.21242528915452,-1.6080811386347666,jazz
513,-2.7061136757320803,-2.796747197255103,0.5857687039322858,jazz
514,3.6653715828469684,-6.585791947960687,0.04269445426343741,jazz
515,-3.3817317910074087,-2.4557556532207387,-0.08849737703265578,jazz
516,0.40382716646970573,-4.360696599936866,0.2779434289532374,jazz
517,-2.10791379282916,-2.1782072224845868,-1.3429066408403585,jazz
518,-5.036198121333435,-1.804411341355186,-0.8962834252016303,jazz
519,-1.768353296459987,-4.072581993812931,-0.9077950719825554,jazz
520,0.8624988670748296,-3.881795411092697,-2.5081575916240912,jazz
521,-5.440200010903502,0.46022187015220273,1.432684323637631,jazz
522,3.015393123104309,-6.089311391223956,2.3427146254085027,jazz
523,-1.2210100581202425,-3.302276755535774,1.5171340793829768,jazz
524,-1.5443129896474093,-2.051338785763309,0.8115065723451338,jazz
525,0.30387982957174137,-3.982225782132896,0.62738229378789,jazz
526,7.740231480413901,-7.917365846610477,4.637708213862277,jazz
527,-3.646306793512881,-2.7292596679076264,-0.4533784225923476,jazz
528,-1.9615477174158198,-3.949700776225796,-0.0028162518488282734,jazz
529,-4.392401885291307,-2.252769925813662,-0.5000998263003962,jazz
530,-0.3906047386877639,-4.694738712083926,0.37394373838178085,jazz
531,-3.3629593325765144,-3.5541610116986124,-0.26046093200311615,jazz
532,0.40171983215155826,-4.477378729173505,-0.635202236612787,jazz
533,-1.0852665851052556,-2.848736078518169,-3.9590383817988095,jazz
534,-0.7993415947240826,-3.499975416312458,0.2559752595270989,jazz
535,-0.8417112548824658,-4.187494613270567,-4.6548982366565514,jazz
536,-0.45077980756635383,-3.741056365315439,-2.4725570177299856,jazz
537,0.046797166799945174,-3.652567868931274,-1.0371165664220243,jazz
538,-3.158337635308692,-2.7564408060532917,-1.1277174512487917,jazz
539,3.3009447112963484,-3.97949973608433,0.8114889226359332,jazz
540,1.522140300453899,-3.8595613317802937,-0.8439750972978375,jazz
541,1.9785968242420422,-4.615060906385173,1.2421714704874214,jazz
542,-0.17460113669686247,-3.4550810058083252,-2.4557543087843277,jazz
543,0.0133922718792996,-3.6563073057802877,2.3458513307136983,jazz
544,2.367189983245389,-5.466145679159198,0.5562459507840042,jazz
545,-1.491610425184408,-4.185863947959104,-4.6395286385709475,jazz
546,0.9752409210000084,-4.193083231231844,-1.7966681116254137,jazz
547,-4.603179169912157,-1.580896964245812,-0.6768447861170879,jazz
548,-2.362339063084345,-3.8569204601715996,0.47783261514312664,jazz
549,5.404988473104238,-2.4177738631813415,2.332120606061624,jazz
550,-2.330431139701861,2.314122633346746,-3.181341555909065,jazz
551,-1.2507937958270303,-2.7859254811897864,-3.9327126975165942,jazz
552,-0.5118747128650628,1.3756097277779618,-2.4156352375507253,jazz
553,-0.6791028689564151,-2.925673921619033,-0.713544092421944,jazz
554,-0.49425264465132,-1.076189830030789,-2.9933179929501734,jazz
555,-1.0562136900213823,-4.079340359686969,-4.621749627251196,jazz
556,-1.4587078551564825,2.386441127256063,-2.8073891937947923,jazz
557,0.9199133420163845,-3.7040854799150256,-3.3164804975935818,jazz
558,-0.21240486951576024,-3.3339814240654473,-3.563949831391499,jazz
559,2.253807428349704,-0.7852605754290936,-1.5889132482104968,jazz
560,0.6308705051947388,-2.7712079205411806,-2.412799923170458,jazz
561,-2.225041970555769,1.9084127645832598,-3.0229610017917596,jazz
562,-1.437668232663886,-1.7203938165671577,-3.7916990402463373,jazz
563,-2.3541400424696515,1.3292998657482322,-3.635856247138181,jazz
564,-3.6089023221988428,0.04152930702104759,-3.3636635929591185,jazz
565,3.013488456863822,-3.9023964326918397,0.6886889897917033,jazz
566,2.0294304314465443,-4.247381499516902,0.8684131345497895,jazz
567,1.2400545034073607,-3.653367103775826,-0.8035787796366902,jazz
568,-0.5267781788305236,-3.305801967905938,-2.7470051198533794,jazz
569,2.744364154834991,-2.232555698028654,-1.166028324378845,jazz
570,2.301265319885263,-4.7207112040974035,-1.2210136124942554,jazz
571,-1.7739089834662711,-4.04535440224701,-4.888721108125211,jazz
572,0.7690981417160585,-4.073267986678854,-1.8235194654649685,jazz
573,-0.618204286937155,1.8071064020060372,-4.453140658429693,jazz
574,0.6994852908327786,0.4817575632598476,-3.7056481504045142,jazz
575,-0.6970630132601102,1.3681786986195195,-4.483061128729039,jazz
576,-0.2901095420531785,-1.247489157339859,-4.8248081891583405,jazz
577,-0.43237174398912176,0.25531653566243984,-3.538814308740211,jazz
578,1.3380797214557356,-0.028765899652648006,-3.057690291825142,jazz
579,0.9203807603454613,-0.47643155508450313,-2.9173877289346324,jazz
580,-1.034776610636008,0.524965572378053,-3.9449773625905764,jazz
581,0.46019945298752685,2.3708554357315648,-3.75631562186761,jazz
582,-0.7260621129083861,4.332379894339887,-4.580409020691518,jazz
583,-1.114645253148424,2.4617791791252217,-3.9594318198774414,jazz
584,-1.2496998067387637,1.3851828640162642,-3.3011123610222235,jazz
585,-0.745625224541012,0.7092029468149248,-2.519862902571449,jazz
586,2.0543102500190806,2.2871842169990386,-1.6373072076383273,jazz
587,3.2231403641043452,1.4084677596316222,-3.7056319097975514,jazz
588,3.854180488031607,-0.937901630782712,-1.9273892403564021,jazz
589,2.664969679106094,-1.7764218800862361,-2.5215527974544263,jazz
590,-0.23453611061835594,-1.562855407608555,-5.5027610151547,jazz
591,6.283107717386338,0.4756204697946378,0.3386816449359024,jazz
592,3.81481555115064,0.13435143707301253,-3.1028333143882296,jazz
593,0.6358228797804323,-1.2671633564754992,-4.3214519113713585,jazz
594,2.959466181926,-5.433313611963419,-0.8775746033030166,jazz
595,-2.0457298353652162,-2.199754286440442,-0.12415612496717106,jazz
596,1.1409604305520498,-2.717295715080601,0.8513789333883458,jazz
597,3.1069148257202093,-5.130415769687405,-1.0999342641255523,jazz
598,-3.686546103734174,-1.267933234445207,-1.0493002372777407,jazz
599,0.054871296479300086,-3.525304687678373,-0.9187450020218202,jazz
600,-2.589148303226246,2.88295274951008,-1.367191101919415,metal
601,-5.104597770715679,1.710446876555991,0.28005911828864477,metal
602,-5.860662151949809,-0.07459059034982779,1.2626929407578238,metal
603,-6.8750292569329785,1.3852817468449994,2.413621510828632,metal
604,-4.309715158146029,3.608829323097228,-0.3721592968084655,metal
605,-5.315539505042546,-0.05577838269789466,1.1329898713462772,metal
606,-3.231422676528207,1.3229533408693048,1.921211311672557,metal
607,-6.0675761229331835,1.9789033508064084,-0.6746906638103456,metal
608,-0.00736866791447362,2.71841789505837,-1.5156507537031698,metal
609,-7.403439553338584,3.1005707527758486,1.459783444799217,metal
610,-8.168360894809267,1.832595450917564,1.8069596441248335,metal
611,-8.602073089981026,2.076366776621631,0.9908694142346741,metal
612,-8.251796099638673,1.9116069956489845,1.8911695743853207,metal
613,-8.84282221549966,2.4648319987894514,1.8731461292662572,metal
614,-7.1019735108943145,0.6857085122014391,1.4109422163520802,metal
615,-7.954597452077748,1.4223617395848525,1.2140388548643741,metal
616,-5.449874938278106,2.457944046727881,2.7310960377809437,metal
617,-8.208551930022063,1.655589549386425,1.4127132804829805,metal
618,-4.929725008735143,-0.017258116802062927,0.24839127489614038,metal
619,-7.104448504776598,1.26520723634574,1.5003513870617418,metal
620,-7.427881610038124,1.1389761077814804,1.142705489026011,metal
621,-7.203192149625816,1.5515778539893954,2.339817272007993,metal
622,-5.8274382472426485,-0.03265797638332913,-0.3127508919485038,metal
623,-6.564088678821413,2.2711469287864126,0.5410953021328773,metal
624,-5.840193128196548,1.6452956013939313,2.250518418665658,metal
625,-4.807937487025919,0.194221182682101,0.2766432698088585,metal
626,-7.443731254826616,0.6704898292430619,1.6554535229095058,metal
627,-7.408982039437234,0.9447506446246442,1.3225288268092537,metal
628,-8.281554682197823,1.3039892770739412,1.6715951010250694,metal
629,-5.778981420935033,1.0935865330869414,2.5134174819039408,metal
630,-4.618695982875128,0.41415492916629687,-1.9037997342858985,metal
631,-6.120415770484036,1.600818938428803,2.108287346216501,metal
632,-6.148590646491733,0.11366863932545877,1.4523775374778074,metal
633,-3.5897679095235144,1.1828456815931427,-0.6360506024505777,metal
634,-2.3666864495187436,-0.8984851622636274,4.978290353883743,metal
635,-5.2886569209139624,2.957152274734055,2.456320237236569,metal
636,-6.856628420242577,1.0870893547775162,1.602042963176863,metal
637,-6.337033511270363,-0.5492212666013992,0.7273628388917819,metal
638,1.361776602964451,1.4855367625389828,3.745321476077868,metal
639,-2.9466042197377504,0.42516396891374175,-0.24154956989548015,metal
640,-6.885932339828491,0.9914914570644255,1.8936769181354347,metal
641,-5.528291779315563,-0.7825499465658855,1.2108598749827786,metal
642,-6.625317291865122,-0.4973416895420651,1.3681001167496913,metal
643,-3.191345889594369,0.2040722035512456,3.2845927103238997,metal
644,-6.276339854206728,0.5074146297567534,1.6414397027520151,metal
645,-2.113488439666884,-1.0700323970150982,3.294714902796903,metal
646,-7.849730751624682,2.021586384588157,1.337348434223911,metal
647,-6.260545497314526,2.0371877625780215,2.1907811198554343,metal
648,-7.570295968507888,2.3598942452615335,2.0327662134629816,metal
649,-8.04453679039731,2.6896680566556554,1.8432517898341183,metal
650,-6.464765603578076,2.987457832227716,1.9949871883085972,metal
651,-6.496294560877461,3.4812979389117826,3.089029689631767,metal
652,-4.311347999034699,2.9433888369566783,1.869481019983724,metal
653,-6.6523583795307415,2.6539475019977905,1.7313914300297206,metal
654,-7.506037152043782,2.915832458992118,1.972440518440076,metal
655,-6.633622999318213,2.7999989078057066,2.6868111909977297,metal
656,-6.2139608259974075,2.7023033620949084,2.243830524108546,metal
657,-5.196395595120048,2.1749748698309905,1.739491141658755,metal
658,-6.647044271314687,0.7124496894144651,1.3651043983614468,metal
659,-7.370241732680932,0.5664010510220681,0.887878456066011,metal
660,-7.702412633654725,0.474073938470635,-0.29428339971105755,metal
661,-6.885932339828491,0.9914914570644255,1.8936769181354347,metal
662,-5.528291779315563,-0.7825499465658855,1.2108598749827786,metal
663,-6.625317291865122,-0.4973416895420651,1.3681001167496913,metal
664,-3.191345889594369,0.2040722035512456,3.2845927103238997,metal
665,-6.276339854206728,0.5074146297567534,1.6414397027520151,metal
666,-2.113488439666884,-1.0700323970150982,3.294714902796903,metal
667,-5.231508875151441,-0.03359553984833996,1.0591961700763028,metal
668,-5.159002061009182,-0.08766048257936743,1.4343799215981903,metal
669,-4.799141876743153,-0.24447917484204285,0.44976649605069696,metal
670,-1.95567012197388,-0.07770183959276825,3.1363513592510883,metal
671,-5.681945527154349,1.3512257411675952,2.1177106790633298,metal
672,-6.749404862980766,0.5407897198120581,0.12981558765953538,metal
673,-4.3552279204500755,3.0866179221055323,1.7255874269589844,metal
674,-5.290810243675527,0.7798457688648356,1.6032228168350102,metal
675,-3.600082840376413,2.213270854335977,0.6207211473736818,metal
676,-5.185789334306695,0.6144356990901368,0.9494973626475638,metal
677,-6.422681034924404,0.5848173505010508,2.455940338804914,metal
678,-4.760723717655872,3.8556104718925974,1.9879184872421916,metal
679,-5.227794871173967,0.6019086584337686,1.8890491813781944,metal
680,-5.639824908892946,1.7467856051487332,1.6495016442138715,metal
681,-6.943595697687025,0.4137052223959856,-0.16003980563551373,metal
682,-6.538959406344523,0.11218580791284614,0.8169082452032105,metal
683,-6.184106758474029,0.9984631469884521,0.31061511830510785,metal
684,-4.229035213272055,2.224652761746397,2.0250351298855125,metal
685,-4.732437576173586,0.12820379663230377,2.276670782435552,metal
686,-6.001456783976171,0.1590756493634251,2.2716393712247314,metal
687,-5.094674425319914,3.965983560878941,3.561952926939071,metal
688,-0.5361555617594232,-0.21000740469367155,1.4259330116650253,metal
689,-3.341516273564184,0.6716263634001378,-1.836643581603215,metal
690,-5.289335695458386,-0.2927247392743565,0.49478508577985697,metal
691,-5.312373122496609,-0.8946442926331472,1.3282151698224216,metal
692,-4.539442111811659,-1.0202890957892865,0.08743217798124546,metal
693,-7.646033852025316,0.29254664432635485,-0.027742711669264113,metal
694,-2.3666864495187436,-0.8984851622636274,4.978290353883743,metal
695,-5.937282721991676,2.0796436970747165,1.1855419816230923,metal
696,-3.9682948183988227,2.794548310330153,1.760093656691904,metal
697,-3.9860722088605565,0.9483877734548715,0.31692729438165207,metal
698,-2.989693024494633,1.5231720318095743,0.837787808045209,metal
699,-4.036083380218935,1.8218761754950534,1.626714453439756,metal
700,4.754599373991538,4.401066256183681,0.26585048071780587,pop
701,9.645049502619052,5.462505166328617,4.8230524530765795,pop
702,1.6522706923528556,4.246122418351388,-1.4417074068524374,pop
703,2.7332089831242024,0.45189797666403814,-2.144700717817885,pop
704,-0.229712686240393,3.502327838161637,-3.4495331292487452,pop
705,2.8309601328394662,0.35720369735279484,-1.732139191009863,pop
706,0.03799985799278044,1.13080188452056,-4.177779632950977,pop
707,10.920901090035962,-3.1072214431572744,4.040373621998808,pop
708,1.1137884463855305,3.7755349652213033,-2.859205007541798,pop
709,-0.1050735991897144,3.4969978087454017,-2.3491075044178102,pop
710,2.1719295818034245,1.2840092199894364,-2.8042268593475006,pop
711,5.60645598340885,-3.0998032574970433,0.04800890876537689,pop
712,1.092321591350489,1.4368516975382069,-1.92199784157835,pop
713,3.6940484620658602,2.2183323262756134,-1.657405330562889,pop
714,-0.8470202501255423,0.42720206105163944,-3.1176938876327296,pop
715,2.2762240552044415,4.337255392702618,-1.9709277464465254,pop
716,3.1698918628770203,4.3241979071911985,-1.0512690996528078,pop
717,-0.35830752402730887,2.534968814619474,-2.3869764466141428,pop
718,2.3852980890541784,3.9463584292533147,-0.9269441980034472,pop
719,3.3525497433678186,4.606850004445342,-1.152475762249637,pop
720,1.0612492571999763,5.288356216878032,-1.4671941022397441,pop
721,0.2740799908565748,6.153766348066906,-2.2560702870911227,pop
722,2.278066450986176,4.331984255063288,-1.9728384132657941,pop
723,4.154171191850881,5.904527438487016,-0.41366108966927334,pop
724,3.7716125213219684,4.2667063565460435,-0.29165157599209596,pop
725,4.9476914475872436,3.509997307691584,-1.6447925126634086,pop
726,4.939334716937073,2.35144708161462,-0.7484256194097911,pop
727,2.6778874667641106,1.9107532396281588,-2.4617066023109735,pop
728,1.0049634185051388,3.2124888794875814,-2.691282405141005,pop
729,1.7381724271313286,3.6358229023798465,-1.9078324418145296,pop
730,1.064662962276731,3.728647653864993,-2.6493486568604117,pop
731,1.4287074211259883,3.6008835799809202,-2.1648779268274816,pop
732,4.530428145462862,5.758683889962395,-0.3469107350716609,pop
733,1.4787533022532728,2.5286095861287716,-1.6688014224662342,pop
734,3.5709852983723556,3.488344906806594,-1.6046748135652116,pop
735,0.6879374914695892,5.311296729802,-2.124477010852397,pop
736,3.277802440620688,5.559870879142337,-1.699617928017351,pop
737,1.6721563799325165,4.994862086565075,-1.3211705128188833,pop
738,1.3560134666575314,3.9814508335542413,-1.7612200357602903,pop
739,4.087564596863781,6.997586126422566,0.14729928666883693,pop
740,1.6638185268412573,0.00027754398709660904,-2.791684152157013,pop
741,6.236893712102901,-2.918859479038013,0.8546330153963256,pop
742,2.6824270312816947,4.006005910396326,-1.3723041036053139,pop
743,1.2500002911480437,4.95263956067151,-1.198563511294278,pop
744,3.890712131832288,4.218681175956026,-0.23047431577730668,pop
745,6.560386043944058,4.3081231743858615,0.525258505760557,pop
746,6.669839211427673,4.254871709780565,0.58123115370812,pop
747,4.986094709301099,3.880604077527963,0.4864170015344962,pop
748,1.6441285768200131,5.539841950572205,-1.0546148335367478,pop
749,8.676863617639365,0.3389404028837405,1.3452047903544735,pop
750,4.835676965021061,4.994519882157623,-0.39698439241356637,pop
751,3.5894941585303153,6.182328554323779,-0.4260004265527563,pop
752,6.1716887242992815,7.760270438314508,2.9481021548619344,pop
753,16.28647901793042,-4.83545231058727,8.05750447088283,pop
754,5.511248848062655,5.982706098985799,1.3672805408985742,pop
755,6.93723849201515,7.277329884751678,2.9771404425633525,pop
756,7.70349754515856,7.688690501041056,1.6740630577843276,pop
757,5.860695950058895,7.973685933170246,2.585135854357569,pop
758,6.539685749756241,2.7493264973124654,0.7304899514622337,pop
759,7.260473708133116,7.759679095142135,1.4252743040714917,pop
760,5.511248848062655,5.982706098985799,1.3672805408985742,pop
761,5.695312803693223,4.970424427226088,0.3958060640777398,pop
762,8.408277479460793,-0.5434977678816564,8.878653765054928,pop
763,1.8840896660413602,-1.0794148441746452,-1.8589740960029602,pop
764,11.0075201096652,0.6224333785771585,7.704010307064533,pop
765,2.712754648072848,1.0721224417646742,-1.3144189760473792,pop
766,3.784443086266194,3.6708164663169938,-1.0362706085274138,pop
767,4.483174897659885,4.70609195450967,1.0969579209109672,pop
768,6.4291619242988425,5.304235271556277,1.557057541058022,pop
769,-2.208328995711765,3.114216780425036,-3.6388389613574925,pop
770,5.247982989407312,4.262463796255301,-0.025979687280318325,pop
771,4.483174897659885,4.70609195450967,1.0969579209109672,pop
772,-0.8268000257591749,3.181261198674567,-3.0673581420537896,pop
773,1.4097258557122265,5.6239950527519165,-1.5286356853288423,pop
774,8.653854698377081,5.690562277179057,2.9652244065045528,pop
775,2.675306126458551,4.924764736132062,-0.1649645546737185,pop
776,2.2553217037158078,6.627536031735387,-1.0268747549896367,pop
777,4.202073203723632,6.861257385140772,0.5439603253992751,pop
778,4.310688424615016,5.436804783944347,0.2669835044778205,pop
779,1.7353946493512085,-0.02737438620078944,-3.8478261606802935,pop
780,4.994333996122538,3.880185856379376,0.4887426765881257,pop
781,2.2545512123591593,-0.11552064316362194,-2.2437133699118594,pop
782,0.08604429554342498,4.439253494097357,-3.191078095216418,pop
783,2.404789369406636,1.3239001546094469,-1.6781068594122035,pop
784,8.834129058145644,5.6567905511623735,0.7866586891151054,pop
785,5.768627349699963,2.73373884113112,1.1616927403953412,pop
786,-0.4583365867737364,3.310376453365858,-2.0483601530482134,pop
787,1.4323974069946153,4.234202744692754,-1.9080320106202855,pop
788,4.680167914454353,6.976286892748643,0.01467483832585379,pop
789,5.355858697919317,5.198802638794994,0.8296832025990439,pop
790,1.3560758055210798,4.302605615717349,-1.9145084888972024,pop
791,2.8834648000947873,6.002056886533642,-0.39168441426916817,pop
792,2.277067602819113,4.9965149041906205,-0.14703911701677594,pop
793,0.27361380466067986,3.8107317135272294,-1.3023625062980178,pop
794,2.827867918610126,2.7955375033996814,-1.7453672301455052,pop
795,3.9955771190087863,5.288610501355773,-1.0822293651474815,pop
796,5.554572643701659,3.216959953990102,0.7465103472296526,pop
797,6.837653518392721,7.882684993566267,1.4554314530776384,pop
798,3.962246819611067,3.5440250040623402,1.1706130690546468,pop
799,4.397155530751123,2.2794084484036903,-1.0449821039606144,pop
800,-0.574864334404093,-1.6308593931273807,2.989604267477317,reggae
801,-1.1364863947036616,-2.1223747076592248,-0.6143275629025157,reggae
802,1.601238812259492,-1.5531958743492278,2.5548447333172266,reggae
803,2.9644642420962017,-0.41951824024309325,3.0150394005921908,reggae
804,3.1017341972220622,-1.0363039452313478,5.131790475729836,reggae
805,1.2771468654905662,-1.817972686488114,2.5215007107959537,reggae
806,3.107429390377104,-1.5063995238017118,1.950319339248924,reggae
807,3.3486877935485007,-1.7110717617280176,3.589905967376677,reggae
808,3.4818346615787825,-1.68376167462787,3.9741045145130918,reggae
809,4.1098873050827445,-0.7917663222844892,2.9041599590234446,reggae
810,1.6333406464092284,-2.1408155988203412,1.1311700022289957,reggae
811,-0.2451938916750801,-0.6775969903362354,2.1653102329338956,reggae
812,2.576900438858714,0.8558231055794655,4.600369381507943,reggae
813,4.459977025542376,-1.9146383614925766,3.8745101613567514,reggae
814,4.688479246305115,0.19282871228604517,3.441896742117483,reggae
815,0.5233170914251254,-0.2817185674733292,2.959120682720025,reggae
816,-4.756682021924176,0.45969552581868667,1.9122950622890957,reggae
817,2.944635395357755,-0.44768844549102527,4.872856192422914,reggae
818,1.5288544544928109,-0.3515312695361757,2.455321567420392,reggae
819,3.8804791749620944,0.37836065336808905,4.115783268495774,reggae
820,2.88400126477683,-1.2761903875434735,4.398472278195083,reggae
821,-3.121649004177403,-0.17453811704847186,1.3340278889680548,reggae
822,-3.2271998686006698,0.789490751002618,2.6671342359217847,reggae
823,-0.7969522238782205,1.0409763058760886,3.891104328979649,reggae
824,2.2595245710127005,-1.394350526115429,3.67483442678172,reggae
825,3.669981832567389,-0.8637822748333117,3.4736514003323196,reggae
826,3.382024182339472,-0.925017448644596,4.714543862534728,reggae
827,3.409361238002036,0.488173360170811,4.323780249698726,reggae
828,1.77472664688344,0.5776414673327032,0.633971684837563,reggae
829,-1.5587049276264486,-0.5298928582129833,-0.3912567670961194,reggae
830,1.4020444273180337,1.066282925276566,1.2108182224097106,reggae
831,1.8315886473797127,0.4394584990098262,1.825955479338659,reggae
832,0.04278784360357213,-0.1456718164541821,-0.9708983419504995,reggae
833,1.4019051005362326,0.18940842031467028,0.43621417659508893,reggae
834,1.47193410512356,-0.9826185569547985,-0.11188018337792097,reggae
835,0.49898645848522905,0.1030872293179194,0.2717430710248467,reggae
836,2.9756995896064837,-0.2981470573837976,2.984432876452654,reggae
837,1.8966303484526248,0.6519886408958229,1.8197649597721524,reggae
838,4.940885062746468,-2.422378989495346,4.029812167852666,reggae
839,3.086917732876398,1.0501286537825403,1.2272480842790627,reggae
840,6.765334717815798,-3.0834754285273824,4.796207938557612,reggae
841,2.192597344768502,0.05690480177105881,-0.49939367206041346,reggae
842,2.558965675896543,1.1313156671959987,-1.1604830172290053,reggae
843,-0.016315833186234925,-1.955974992887401,-3.3463458813208375,reggae
844,1.847851966922802,3.085789714991209,-2.550102090531377,reggae
845,2.6281143306942942,4.790137846248805,-0.17699785779745542,reggae
846,1.4135924652795282,0.30845932165875406,-2.5084014086277158,reggae
847,3.133482577334754,0.3419623588621967,-0.1594845972194518,reggae
848,0.45685764134095935,2.120390251296608,0.4675036815494916,reggae
849,0.8145350866569434,1.6145894069372349,-4.461899968493558,reggae
850,4.265989040609108,4.059267087569333,-0.20176390141536377,reggae
851,4.08131235355908,8.74364033948929,1.3643985114055515,reggae
852,4.36694234016831,6.010202479161327,0.01668578293642387,reggae
853,3.354326363120921,2.521556113083819,-1.3570523408409465,reggae
854,5.198573068695545,2.9250161512010173,-0.7063725210760712,reggae
855,0.7946455037644811,2.729348543011707,-3.1145029132258766,reggae
856,3.8995783859197752,0.758362291132196,-0.6389385996618243,reggae
857,5.54186083270541,1.0117625432234059,-0.10900378840447428,reggae
858,5.471878574220583,1.705871502910881,0.016593681147542345,reggae
859,2.893382253606733,1.7422726811476126,-0.7404676928330904,reggae
860,2.238510935883882,-0.9292803629360091,-1.2642606703874706,reggae
861,5.140627303163997,2.994704200305816,0.70863310421696,reggae
862,3.791826554980968,1.9737062955140918,-1.8242964644996265,reggae
863,1.427561243332009,0.4062951310549989,-2.0406758456512035,reggae
864,3.960543345487453,4.8725255317899165,0.1227850599022839,reggae
865,4.832797466507217,4.33764923490387,0.22351837218592713,reggae
866,1.7279649123160885,-0.5921912643152034,-0.09779804763841414,reggae
867,0.7093836489407616,0.6486344860926885,-3.7067076446737164,reggae
868,3.6666206663543415,0.7568555323839046,0.8703907098365322,reggae
869,3.0192874595287953,1.6367683024109048,-1.8167724278629973,reggae
870,3.5654459558732707,0.025898758287217015,-0.0085678263499003,reggae
871,6.169414689541019,4.616850418533996,1.1458569003267016,reggae
872,6.034671613845411,3.0374109084375114,1.0929763989721832,reggae
873,0.5812012993257099,2.9023428590004916,-2.4748152568106647,reggae
874,0.5679547620115107,2.8219943450945792,-2.4636477054158448,reggae
875,1.8502341133135967,1.7842154881890973,-0.5425003338939558,reggae
876,4.703841252372018,3.8299734449488474,0.46549117691878295,reggae
877,0.04526335682941942,0.05708706169656902,-3.281393647696492,reggae
878,3.441850568161552,1.2713178726838539,-0.3620360090217212,reggae
879,0.8428608958315185,3.439982442785554,-1.3152053530643886,reggae
880,3.7454153575775737,3.9593785967425954,0.7461165061779786,reggae
881,4.34629802901288,3.994337863333993,1.3842858480748879,reggae
882,4.34629802901288,3.994337863333993,1.3842858480748879,reggae
883,6.196197387209735,-4.032297492242715,1.6110171127526531,reggae
884,0.7102224679662653,-1.2122232441832699,-2.1100477447065007,reggae
885,1.966058617390421,-0.7189223146363859,-0.8366294345746915,reggae
886,3.4810693837152504,13.000135626709787,-2.260446486356169,reggae
887,7.216964605460262,5.110612528793232,1.7864361772415491,reggae
888,3.4595835599860165,2.5105041929050502,-0.537583723286782,reggae
889,0.6791105804097999,-1.2884210647985959,-3.1618726461562536,reggae
890,3.433659551804965,3.6498948832883866,1.0722423545147457,reggae
891,1.0530368244916022,-0.10512025829353708,-0.4588987828853612,reggae
892,0.9120597588863563,-0.46252164064945556,0.3691256409728666,reggae
893,6.2122073009796,0.9098692594286688,-0.45528492703134943,reggae
894,-0.6044829693841443,0.21637914331075647,-3.1599862060620727,reggae
895,-0.7756674014554336,2.156152776179726,-3.6631905261393496,reggae
896,1.2484377572731775,0.34276671776541456,-1.0426295101211507,reggae
897,1.1491814040845256,-1.7209578393641085,-1.1583193876869442,reggae
898,0.6448957358403028,0.8825600089756135,-1.944592729941544,reggae
899,-3.55512213734695,1.4220185199130129,-1.060303115269557,reggae
900,-2.3542836227683837,-0.6111016399167988,0.9468126837945153,rock
901,-2.0917916709271567,-0.7647996467067114,-0.44063468061849675,rock
902,-0.9912708794228391,0.4727842908173593,1.1063482670325493,rock
903,-0.7249367877391111,-0.48592646442757054,-0.08233578482143117,rock
904,-1.6443552011445388,-0.6335998272567073,-0.09042577544514444,rock
905,-2.4553024329141953,-1.0874665744949803,-0.5302239309356495,rock
906,-0.9724574013093084,-1.8324155722820779,0.585084791505143,rock
907,-1.4910380905127087,-1.7386685259852244,-0.6994771058673205,rock
908,-6.225253414220525,0.0361504441897696,-0.8331653908078145,rock
909,-0.21514631211201227,-1.4167513821502349,-2.0609517307151126,rock
910,-3.13773658925949,-0.3503610266216201,0.2945356258289785,rock
911,-1.326978485280059,-1.607311363434969,0.13361760799885147,rock
912,0.6014109979786958,-0.8978674349800978,0.8158288078697526,rock
913,0.5668147917135671,0.1920968518654285,1.810702192092767,rock
914,3.9390604823780366,-0.9200191317720703,3.103819537486324,rock
915,2.2801678409533777,-0.38383468087384065,2.7606028146971524,rock
916,-6.647044271314687,0.7124496894144651,1.3651043983614468,rock
917,-6.267990748406361,0.010112772768755756,0.8349476572900798,rock
918,-4.856846322723268,0.5759925370937533,1.0941123473263898,rock
919,-5.3863767220599055,-0.4693204277955666,0.835145229933773,rock
920,-4.675180149999442,-0.2289907844955921,0.5609669840045415,rock
921,-4.176250700085534,-0.4802572184113682,1.115948823366615,rock
922,-4.809299562037646,-0.28189582622214404,1.6718755400944567,rock
923,-2.6645860326011905,-1.0477569503048518,2.465216838190495,rock
924,-5.465314886021729,-0.134891192178309,0.7311251655411873,rock
925,-5.644590999080848,0.16892788220108348,1.794921054674084,rock
926,-5.537575003941087,0.026929185297502024,1.0635618165929732,rock
927,-1.0427523103244416,0.6434530793779417,-1.8607707734106669,rock
928,-1.9893648361235654,0.5435390683285035,-2.9607900992692704,rock
929,-2.749641063574611,1.56987897277369,-3.128732488243748,rock
930,-0.4082507936752252,2.122489416771124,-1.757899222361263,rock
931,1.3348148796636896,1.0151783985334906,-1.738073207695232,rock
932,-1.1018638759212125,1.7141516748175176,-2.6574670617302982,rock
933,-0.4486334254954978,-1.4781724842349186,-3.050988829616259,rock
934,-2.2414139416745402,2.498452031747451,-2.5947580951429554,rock
935,-1.4468600086376608,1.3973092756191967,-4.867423545166461,rock
936,-2.7354758896531433,3.3389460621038505,-2.392144348918271,rock
937,-2.01966853536758,1.5753589366850993,-3.57332800017348,rock
938,0.7549393793723967,2.6853178179992705,0.24737041623308648,rock
939,-2.5827235338617727,2.190548103174547,-5.433018530734149,rock
940,-0.16018958168072203,2.5193330805080247,-2.9014497619567643,rock
941,-1.262373301340219,2.784356879085601,-4.034757984483804,rock
942,-0.26105028989268014,2.631783271146597,-3.6924609367515315,rock
943,0.3404164639696203,2.0395064193728487,-2.9618533348963356,rock
944,0.8187264839029418,-0.8291945441222913,-3.324753002905645,rock
945,-3.2300297100563653,-2.4340903374823113,-5.745273189855551,rock
946,-0.6379246473775252,0.818616513584034,-3.6630043323289434,rock
947,0.6578117489871083,2.6649489137496563,-2.0308946433022093,rock
948,-1.7314667244021502,-2.2985922055911887,-3.473316162285745,rock
949,2.440337390065126,1.8904889424507307,-4.214655692131271,rock
950,0.8928590087246719,1.352883126352603,-4.100384636734142,rock
951,0.42787147326514713,2.834665508501736,-2.805888352839473,rock
952,5.947888722690423,1.8686957359940208,-2.1950949234377704,rock
953,-2.3132164226532996,3.9908305277879945,-3.858528837594486,rock
954,1.953954624278264,0.3768523209993608,-2.3997460982583254,rock
955,-1.1632643802692189,0.5061419064633789,-4.909031569635535,rock
956,-2.423138094685964,4.105111428299115,-3.853739322263086,rock
957,-0.8666729166296943,2.9128842501482777,-3.31626276759202,rock
958,1.5324978449746058,0.30512084832287417,-2.773404668716659,rock
959,1.9425215924374546,0.9809277679909411,-3.9110909509711016,rock
960,0.19674929636037466,1.9200843587869965,-3.5448919353941375,rock
961,2.8233988932581506,-0.4288009330190706,-2.794476508752396,rock
962,2.6527311134353244,1.4116604002942812,-2.9455978724870073,rock
963,8.62030109364194,-0.49399936113515164,-0.06132010069472778,rock
964,-4.377268759044499,-1.175307617173377,0.4323752822275682,rock
965,-4.241976145740002,-0.43812593600716204,1.5861648025949802,rock
966,0.4875557232756497,-1.6032046393341535,2.331601115898124,rock
967,-3.058776805693593,0.046156160526267524,1.7681172974896002,rock
968,-5.763880174246824,-0.21684064795882557,1.3113476537100852,rock
969,-1.5527928998705358,-1.6785740006346361,2.590809808517259,rock
970,-1.194708798717076,-1.4970406894788562,1.4678893028242286,rock
971,-4.351249965273872,0.42378550686089156,1.6781134712010408,rock
972,-3.785097839671938,0.3782689789153722,0.6316477028115938,rock
973,-5.792811573004435,0.8182221793359582,0.9309773112234718,rock
974,-5.061294513339144,0.09170517457343198,0.29321924130863014,rock
975,-2.8635380126405887,-0.024911325927957112,2.4372718114312697,rock
976,-1.3112909212597332,-0.9913660786086284,0.8785663775993208,rock
977,-4.402743161516978,0.30699243742120075,0.8972425700576926,rock
978,-1.7360177468287923,-0.2648430851830657,0.8237290676541049,rock
979,-5.074803982441034,-0.9997971057306865,0.46550588508364565,rock
980,-4.829061625871971,-0.5899941289664403,2.0272881917075263,rock
981,-2.4773948579425995,-0.7086998140171841,2.846973005159665,rock
982,-4.746799391590604,0.055336443418767506,3.305096310617829,rock
983,-5.6246912683440415,-0.9610023807047972,0.22056976911029766,rock
984,-4.688838996805425,-0.18714339392525794,2.237747366448731,rock
985,0.7722190721198339,-2.8356829801306445,4.059817219630724,rock
986,-0.8103674519666832,-0.2984563333173083,2.7818997008670725,rock
987,-7.009556413671133,0.17520741128944642,0.7427392463600664,rock
988,-2.960557579140621,-0.7987023180950628,2.3694649620040686,rock
989,-1.9888433083918355,-2.0898744524135786,-0.16298960099847473,rock
990,-0.297645106519833,-3.472747142780555,6.293956723528583,rock
991,-7.483899784799635,0.22523945569774337,1.0287065017488615,rock
992,-8.172612258313835,-0.5443380121742052,-0.12674866175335478,rock
993,-5.098107019261452,-1.5781116660941175,0.038825460361814695,rock
994,-7.699431510570791,-0.19503834266243475,0.26200965319249736,rock
995,-4.864833740751883,-1.524550393336691,0.6304896238688461,rock
996,-5.856512065776245,-1.375976965391512,-0.20368107765411084,rock
997,-5.947644420451081,-1.278267419211474,0.43974594590605787,rock
998,-0.809492942065192,-1.9688648711018948,-0.36000391774153984,rock
999,-1.3041017858946589,-2.1112523675361268,0.8556349729128839,rock
