,pca1,pca2
0,-2.7893581974067434,-1.0216729206960404
1,1.716938754234802,-1.1780529385039802
2,-2.8218200867794794,-1.5629239056687336
3,0.33649978246145085,-1.4851327661817444
4,0.6100256082579423,-3.2066509837227426
5,4.171877896338318,-0.6446795648729646
6,5.600751363880795,-1.6029044824665033
7,4.026763073876308,-2.6687746043373646
8,-3.3912481391988116,-0.7553621038412298
9,2.7329939323883012,-2.2895162294600784
10,2.1664351951283844,-1.4932703635808686
11,3.418292619479016,-1.5881902538673498
12,1.80811341878174,-3.0950569417994247
13,0.7294249103312105,-3.210031622917442
14,3.9743157846946007,-2.8555372705062774
15,2.516007224004608,-2.8578960181138777
16,2.0195448875457775,-2.4772034224774826
17,2.070849886981584,-3.0941533381720063
18,2.4712737988933995,-3.068456547048054
19,2.8695473902849935,-3.4405729861316234
20,-0.7189677931326262,-2.9000561624446752
21,3.5352062453198876,-3.2518314271833146
22,4.088309788737008,-2.8395012904742924
23,1.9693225123356808,-3.7182059318928227
24,2.650573327239635,-2.885350437751072
25,3.003904317902563,-3.1197166740491507
26,4.902261113633561,-3.193088024083112
27,2.0392089283844292,-3.269686602218406
28,1.8134038785104538,-3.0756445374779235
29,3.1459807803930624,-2.573383173485064
30,2.3129648325791683,-3.10212679964692
31,2.951916149905879,-4.638616661643911
32,3.8784640064671443,-2.802976422074602
33,3.0479122173302953,-3.3226121798440684
34,2.098459792788568,-3.6374361107629842
35,-0.062097964195679506,-2.4701154287807636
36,1.5473893438885513,-3.8200532907850553
37,6.549550677236662,-6.013852487171201
38,1.1652420267438655,-2.481743912770689
39,4.402341624398204,-4.595372156530371
40,-5.683099439131288,-0.43017970328961874
41,-4.611403955612458,-0.1177836406601834
42,-3.0826894493926855,-1.4978038065513648
43,-4.765113225992477,-0.6211706793269858
44,-4.124914471833832,-1.3438430729492283
45,-5.706920212782185,-0.8252373923184819
46,-3.78649969657065,-0.4726234024131852
47,-4.823353085528777,-1.347671956613096
48,-4.185182288674873,-0.9683202036383752
49,-0.7834356965176705,-2.9133794707356517
50,-3.821152646755339,0.1596621086718202
51,-3.9078810213305517,-0.6094219614302699
52,2.0804637132329686,-1.326767637423188
53,-2.0450158224134833,0.3133729693318376
54,-4.052698152004519,0.6429775736705843
55,-2.492532990340908,0.27692581471289046
56,-0.12422108094823772,-0.7465399229844775
57,-1.2951162902241644,0.0046082364781466385
58,-1.763568864709477,-0.4457480073571588
59,-3.2736479123849263,0.8631066483578566
60,-4.128761902333911,0.39654258019977956
61,-5.811620568642406,-0.5540040262034511
62,-0.3890817748883744,-2.496837736070799
63,-3.5943076579832303,-0.7622953456724408
64,-6.481566993535333,-0.6001288739071987
65,-3.7952982162058913,-1.5651720163764167
66,-2.884207572264363,-1.4206566694959946
67,-3.488973242588218,-1.309492453673165
68,-4.568331490611162,-1.1736133459482174
69,-2.8841491013878193,-2.397215959536108
70,-2.0475501213925345,-2.0063299875223635
71,-6.237970887840436,-0.769540144860723
72,-6.325027097119853,-0.7488219922141593
73,-3.966275110176399,0.8546161864434965
74,-2.844277359318597,0.7103683727303628
75,-2.5083795438548075,1.607608074590063
76,-4.511332938244057,1.1825904639334113
77,-4.640223561834422,1.3211707304955356
78,-6.361696006012889,1.1594884628370923
79,-6.607074212414054,1.6554087680843195
80,-2.03160369523934,0.12322967199724018
81,-4.620953617732449,0.38028581075743145
82,-3.318297536650454,-0.15871512853741504
83,-5.750412483749778,1.3422196877918193
84,-3.9017651562779387,0.7027405913267705
85,3.6570106600220926,-2.7987308685767744
86,3.188563089100184,-1.3471640220863283
87,1.9234848759846683,-1.9128244230117613
88,-0.8183545382167616,-2.395114907507947
89,2.9613175358568706,-2.7462452651771967
90,3.018919418690214,-1.191807424705552
91,0.8495725467666586,-2.1657049082067097
92,3.913740274880641,-2.2605205560106465
93,-0.21058838051107076,-3.070489948755682
94,2.2862780952483415,-1.1903458975810324
95,0.7357779274113552,-1.7692673034273012
96,4.801478649848679,-5.814529970487954
97,1.0900567238687389,-1.6465769796183451
98,-4.78921818152551,-0.07223578497298967
99,0.6805768333224829,-2.2057643062093306
100,1.306635151293609,-5.764651486195842
101,2.8094334131314533,-6.591070422982117
102,-2.096249519084693,-4.371699918175186
103,3.263928520214443,-5.952388632625898
104,0.5034150996887262,-6.078931446336639
105,-0.3813979848824018,-4.430586686777838
106,0.08011391340836269,-4.872327724479793
107,1.3970703306234133,-4.4837256604536035
108,1.7677248956023082,-6.1549244388180755
109,-0.4623774108143458,-4.900726813745633
110,2.2825517601048797,-5.27771882782465
111,0.5430879693636889,-5.3047176990851925
112,5.693369585419696,-7.683461587659738
113,3.9242612404363317,-5.601496657191402
114,1.6542314561235898,-5.838259188090933
115,7.97375162905104,-8.071482066123032
116,0.6334842560942545,-5.738507806589405
117,3.1901516496662694,-5.5969778316988545
118,4.195920790398299,-5.305822676439008
119,4.312108451009512,-5.954284519773686
120,1.3759433960937215,-5.575051166257659
121,1.4138950450223065,-4.690453099840243
122,-0.2781299781057195,-4.55024745956829
123,0.22601152810866537,-5.703041541350302
124,-1.4615869102718888,-4.874203346441665
125,-2.4801690285544495,-4.545934894276029
126,3.1140172888023483,-5.35639523255466
127,-0.3663355013061212,-5.9518927464267035
128,0.4222025294983284,-4.427404452177846
129,4.42475704580608,-5.948596548009589
130,-0.07466846989429672,-4.857522664157595
131,1.056422885510217,-5.024880944102786
132,-2.1537307509399524,-5.488652759934117
133,3.999272996178981,-6.092405040175787
134,4.939852142113024,-7.686112070788214
135,1.5650928216883822,-4.5019675340945
136,2.4566386687906374,-5.108581317754792
137,2.162986507222238,-4.690860483793151
138,0.4803784700306493,-4.676391488790073
139,4.498175780542843,-4.821481042892441
140,3.203224059415911,-5.761144822922264
141,2.8065561829428014,-4.95612010234481
142,-1.482767230319205,-3.806838286952648
143,0.9275302978439909,-4.754013091399309
144,5.066615486471096,-6.651237117155147
145,0.8229404368767765,-4.53964096864387
146,-3.6234628696533973,-1.3810619276842866
147,-0.26353794031471767,-5.403001907352375
148,0.954369168555103,-1.2477588483091184
149,-2.17365232213921,-0.22587015068520885
150,-1.6174150602025428,-4.455571226511322
151,0.6362693408865546,-0.8489872681640986
152,2.642390080237107,-1.4976506009127741
153,-2.2823986587362612,-1.506663182317002
154,6.413828038136468,-4.17890160410756
155,4.389936730690322,-7.614483599008955
156,-2.3719228519878195,-0.9055881483345525
157,5.139086045517528,-5.047415276852701
158,2.422676989613739,-5.890235035264623
159,-1.4338674822206852,-3.2492414774128426
160,-1.8745516221313583,-2.3680887610645103
161,2.0798865083359352,-4.781097155740866
162,1.0535071271234517,-2.351638209292224
163,-0.02420892594667357,-5.639321882575761
164,2.0158492119107922,-3.619577499355135
165,3.662639956336833,-6.626277114796123
166,2.978518892947776,-6.904442427074232
167,4.398302126627302,-2.8951908661959864
168,0.6173823900212037,-4.511843499513974
169,1.207950441267738,-5.231194349114823
170,0.6540325315029637,-4.150547903869552
171,1.4572756309430714,-5.095900160063212
172,1.2129031109863875,-4.4574895343621455
173,3.286091683225364,-5.860351909429018
174,-0.3467526628973189,-4.230297473470971
175,4.035236122676832,-7.166978490604432
176,-0.6880747708776209,-4.195083084493457
177,3.721919780142708,-6.510813030863855
178,0.22021832727288268,-6.453706981746693
179,4.216597739932726,-7.507807805658359
180,-0.28706842825220585,-2.243165119934623
181,-0.3287276056131504,-4.374076231240918
182,1.503360621920284,-5.230816479208613
183,0.296717912205468,-6.110307695535924
184,-0.009837080382886785,-5.242678160049244
185,-0.08736443582382708,-3.3966627590131075
186,-0.3334184026485065,-3.890544386269033
187,-0.2953042152506261,-5.67554500670192
188,-0.7645569354107752,-4.441353508392091
189,7.896335052971606,-5.924473586122287
190,1.7484212418079905,-4.964322896533331
191,2.775825837851925,-4.786422311665741
192,8.179588975221757,-7.506844145547216
193,3.03278791314893,-5.640575670029357
194,0.3630135198505723,-3.7241712763680845
195,4.891315487481261,-4.7334456058129515
196,-1.0955086390631705,-2.8782606807453712
197,1.011215347535825,-5.434896962304835
198,-0.8940597205881752,-3.7166359698105955
199,-3.4764547154664935,-3.6090920822219736
200,-0.5197506945871955,2.803913674033775
201,-2.50425902913447,2.948892090288904
202,-0.49019570990829114,1.0182466697955557
203,0.6983023532653441,1.2590811841158307
204,-2.3219443205235955,2.9326334500871734
205,-1.0303107354827719,2.6472770220005613
206,-0.9961914456860808,3.124181762068431
207,-1.7025915602606747,3.1775238290292585
208,-0.20741889651808368,1.9389841403473873
209,-2.6980612161704163,3.937313080962934
210,2.782103052360231,-1.3655969431522927
211,6.488947966084736,0.15661303823534706
212,1.010194034749279,-1.0513782367143218
213,0.5299379301213386,1.051530776138713
214,0.8375900020426381,1.84944879836609
215,-2.2434006568908855,-0.7220819636066262
216,-0.6332016179084033,-2.9821504648938384
217,-0.9461661305123049,-1.4398189544410218
218,-0.07646131053556827,-0.31897199834542567
219,1.7677721839093037,-3.0302411475498072
220,1.8442793301058031,0.8306898169695998
221,0.6226837082513187,-3.5149971837006047
222,1.823020746212747,-2.2487816641169203
223,3.1827075886675362,-1.9478139541660227
224,1.9329358066334155,-1.7998072447312776
225,1.0755602020455197,-1.5687400615875626
226,2.2780688108545424,-2.027251230707371
227,-0.6467640873443002,-0.4505587296364606
228,0.1446260034997443,-2.625268737697109
229,-0.24264577240004512,-2.456593585001271
230,3.1863502194894546,-3.8317187963898798
231,0.3563558428491746,-0.39640359839156797
232,1.9763551652151412,-1.6249351284847016
233,2.024028426850455,-0.3730429571561172
234,2.901725044068815,0.7014420128807662
235,1.3813029426169292,0.54358259077586
236,2.4079689776035624,-1.8675025578903042
237,1.5068638077198717,0.2081480379841182
238,0.5499734661895735,1.2240175102172763
239,-0.33413628465106926,3.214874445100158
240,0.01986978620853738,0.21374198463071203
241,1.2260410281533276,2.3909947153927518
242,-1.2428809492787711,0.5212297650809152
243,-0.47933635861916274,1.1864701614447135
244,3.7725080749524813,-0.07993839978319987
245,2.1118575187305595,1.5179434798726301
246,0.955378633506039,-1.1097693099410175
247,-0.27921782525797634,-2.69076794617296
248,2.0867417266874733,-0.7397441077950341
249,-0.16834349111163047,-1.4871047991004305
250,-1.07915485117138,-1.813613804075143
251,0.6159502258171917,-3.5567126661431927
252,1.3712101960032936,-3.156832340492615
253,-4.753041923882637,-0.6036806309371724
254,-1.830119637331882,-2.401161330183729
255,-4.6453906772642775,-1.055982579881767
256,-0.2655062640456652,-2.487647975401448
257,-0.8511789135006803,-2.2010819068505576
258,-2.607694922598337,-0.727005492830808
259,3.230767448145677,-1.8085980004393132
260,1.0062487132862399,-1.6946687620644327
261,-0.38027709093238554,-2.4656901789967622
262,-4.220554913646182,-0.5810248001821239
263,4.170377007607166,-2.1928560567309106
264,1.8449577099503636,-4.144852196857762
265,2.7069758259186143,-3.5878296570761523
266,-2.484125821490814,-1.6571772272788992
267,3.889887817007417,-3.644927821125963
268,-0.19527001885405884,-2.6951788213372616
269,1.3621566377409513,-3.198870840143965
270,-1.9732356005067289,-0.8625886159992766
271,2.960862788544185,-3.9827464572574427
272,-2.0265852134166074,-1.784127410351955
273,-1.1064884754299897,-2.284926060713744
274,2.7422038453536137,-2.5571209922172558
275,-4.296146290090041,-0.2277668182910438
276,3.371846608654032,-2.542670594761754
277,-2.593476134985601,-2.6801577989312753
278,2.66953597528393,-2.4728143377187304
279,4.016216035791501,-4.19481773398086
280,-1.8522069258422373,0.1871430248315527
281,-2.35650798192272,0.05379423299048292
282,-3.1466619972804084,0.19839576558786437
283,-0.16871907126461924,-2.2439242316525165
284,-1.5631129251670892,-1.030422307544056
285,-0.2731889729225198,-1.5970490173605765
286,-0.8713986377480943,-1.3008586825984072
287,0.8366190387292116,-2.7056635287364097
288,-0.9833368405658258,-1.3325974662803748
289,2.8054427736976377,-3.1019463604544364
290,-2.6355788723233586,-0.8782999404829703
291,2.8873785933399825,-2.990463043379585
292,-5.539528675621198,0.18099205703644397
293,1.905501585884873,-3.819851031148529
294,-0.8444727695839221,-1.1099798045420537
295,0.6139764434012807,-1.0328428063454778
296,-2.0818435235266426,-0.34725247814627314
297,0.6388743040154303,-1.3439575375846404
298,0.3842048389599279,-2.6509079111278737
299,-3.7593767811401375,0.5064486594987546
300,1.2679243879082784,2.3151192472310576
301,-0.6018848485788967,3.2653246911372924
302,-0.41689737498078555,3.7796043072183867
303,-1.723362298261512,4.429103033110075
304,0.5362571571608181,3.0479014709954644
305,-0.4534984305867025,2.835223605139483
306,-2.149156340360591,2.41045632390512
307,-0.03331515495291375,3.1233949234068965
308,0.18362931916155162,2.3756255057933626
309,-0.9180652574485152,2.2108604250039674
310,-0.8373350728046539,3.036929788990009
311,0.11093920324567332,2.9650999586321465
312,0.658331726594468,2.5391003000908374
313,-0.25933951627900764,3.2704978349342757
314,-2.678436748989576,2.7299895868052064
315,1.1720089574557944,2.6167550679163067
316,-0.5587766244612273,2.3532660138330592
317,0.9910250695313962,2.0729591656892303
318,2.872008785362878,2.002088513185977
319,1.3244316510911527,2.5996348080803386
320,-0.2704662810912908,-0.4791496196298206
321,0.951927200254304,2.686364742476743
322,-0.003834119456144412,4.227568719391393
323,1.2719669348286706,3.8407406183540287
324,-0.10786091312540243,1.619602916025559
325,1.9869960399546223,0.6015701890010865
326,1.3189677830171564,2.6681710087540726
327,3.721262810762433,4.396089802713746
328,-0.46210887408315604,5.7119837668644395
329,1.9636133560990179,1.5938840146619657
330,-0.620298115669811,4.089952441679914
331,-0.3994764978874982,2.3445897886476637
332,2.6267207406644437,0.45593863153280906
333,-0.540140633535804,1.028550196193913
334,-0.07393399859717587,2.329422060486895
335,-0.018791009238967687,4.087073236834795
336,-1.4957273586304949,3.386192369722821
337,-1.0581022442608554,4.493175622836366
338,2.4777725572032376,2.046893171789419
339,2.0613143722516054,0.35895232657349346
340,0.8834374338023039,1.5809238906317902
341,1.7901159571502396,0.9991092387095947
342,-0.9055999390027311,0.675543023667606
343,3.0598465807265804,3.937524189217333
344,0.9544947538771353,1.2996117453093337
345,0.7521580887023751,2.0355966561483685
346,-0.48005540137011543,-0.9362196035676155
347,3.5289902058481144,-4.984532054640827
348,-2.950926635973984,0.21595208068362345
349,-2.939289503045246,2.1293936674255174
350,-6.063454997339885,1.1128172986552862
351,-6.481161369637933,1.0301357880981152
352,-4.556556615916758,0.019023683800174867
353,-0.9676474698664492,3.9889781681931615
354,-0.4307802138053079,-0.229651474514059
355,-3.3080085582460583,0.36233397365793224
356,-1.721165838430561,-2.1877196673118178
357,-4.866877049341727,-1.5290781412508383
358,-2.550787960439796,-0.2092390919195154
359,-1.2558633501910124,0.020217728188344372
360,-3.475535235415689,-0.3222023148091733
361,2.11189299375891,0.18607747497274182
362,-0.4218041735227729,1.7666126555179595
363,-2.846993001101737,4.501884903776195
364,0.3254484904412932,-0.9894262950715871
365,-1.1816224047960808,0.8609238845624115
366,-2.7101647285730444,0.827441402056538
367,-5.021381772870917,-0.3625276219644693
368,-5.321682984852819,1.5142629921066995
369,-5.490125458511618,-0.6841772446687681
370,-5.963409710510045,0.7794854992488269
371,-4.956772880050016,1.3153174139635104
372,-1.4841806077395134,1.1405157678081839
373,-6.0814671074221875,1.40026243999515
374,-5.050491461654334,1.3436179153653611
375,-5.371485596998095,0.3854493174636516
376,-2.953110923313236,-0.9084307759497678
377,-3.3286684033962115,0.9431076716383316
378,-1.8455667831451064,-0.9748308713068482
379,-2.498488829627522,-0.1156750936995236
380,-1.0676631817676223,-1.045850058978014
381,2.5394763830409484,-1.8027453126501927
382,-0.25723521205817684,2.6359156265492887
383,-0.7672466131311035,-0.6761645863685052
384,-0.3177373050134487,0.2243069098472263
385,-1.2055310287433716,2.513499730984309
386,-1.005647384470369,-0.9729054006907023
387,-3.5866819340986047,-0.7669406809960273
388,-4.820329020374229,-0.10552518310420404
389,-4.375541136857574,-0.48902062106535465
390,-4.338662290521529,1.3819338939547336
391,2.3239611617891107,0.39844553950718326
392,-3.0111459392667395,0.01115691965921711
393,-1.409560254549262,0.025577551728880838
394,-5.09737362752735,-0.28652379055346267
395,0.5566014790008846,-0.036845243308884834
396,-2.317131247727598,-0.19112071809774905
397,-4.646878273366027,0.8498442342154209
398,-4.287255996157863,0.15324785603187088
399,-4.287255996157863,0.15324785603187088
400,-3.0654910955500383,0.6366988066194063
401,1.490231046459518,4.327124984719546
402,1.6171938301936788,-1.5586025610965502
403,2.127251391922451,3.6601069493769636
404,6.018641698096116,3.5430547685349203
405,-4.2182567559668955,2.9309584228744576
406,2.114377496574144,5.074185327402157
407,0.5272443072691912,2.714763797146196
408,4.53257606261511,1.8882599890278626
409,0.4718660764145304,3.385529422216942
410,-2.9873731802445165,0.5850986922181185
411,-1.541023573064188,0.3389460197470786
412,-1.627153085108677,-1.1862971074092032
413,4.312738232555966,-0.33428536883861626
414,-3.139494937152814,0.9150870418154041
415,-3.7294393585818564,0.5166588409038421
416,2.1182601082904533,1.319172317603381
417,-3.5225679951679822,1.1748471607519442
418,2.1029025937518315,2.183420710585926
419,2.5270311984849188,3.009161611436621
420,3.6288840515867515,0.3455696737562627
421,-2.466313459847267,1.931429321719263
422,-0.7864482636341728,0.7234629437515463
423,-4.781331707063225,0.5931782384280146
424,0.5806195495073591,1.3003129279522512
425,-1.6326667676493223,2.2946670101149134
426,4.648807205822236,4.572661395391995
427,3.4558100378494276,1.796620256508999
428,3.099836157952221,2.7958625437199407
429,0.5979017372071126,4.0131474059562295
430,-3.6890782368501887,4.868929410805955
431,1.3200497488093688,4.397810449563012
432,1.747911390600042,2.747388137805522
433,1.4579917913692648,5.082205414379476
434,-2.0518298695783845,4.121383693838629
435,1.8160515781299362,5.013179565191442
436,5.3916480314037605,3.683591226359943
437,8.605903229042509,6.1070789932365575
438,6.051311798572757,4.53703352298916
439,9.16130510507003,4.28391462095977
440,9.464139624213702,3.2711093839679872
441,4.039696416863182,3.5020406940958138
442,4.933005812194868,4.050171455441015
443,3.48231070712996,2.6820174960276915
444,7.77469798519355,0.19777701845877058
445,9.16130510507003,4.28391462095977
446,2.331583819879486,4.397290546702513
447,3.71601483660119,6.285248412249485
448,0.19063590156925558,4.0586982488918375
449,1.1952348562683222,5.416098310900352
450,4.396951981743518,3.310586506235191
451,2.025378918534988,4.168691804022782
452,1.7576452398503106,3.2393950314835958
453,3.2622831572432465,4.200499494714558
454,1.283585081748428,4.089309917488192
455,0.23763979094092938,0.5393174816607006
456,-0.8706469686403292,1.851605437153904
457,0.01007252478218439,1.5966475584459374
458,0.8079184095667665,3.1675628891543273
459,0.431125785597143,2.1169226261351426
460,0.8574225708232347,1.0612552654742469
461,1.0381726792248431,1.0402990728721484
462,8.662497773946491,5.359766195693874
463,6.508735686854665,4.038984637243656
464,3.168225619377606,3.428068190662253
465,5.752410270008821,5.469447831925061
466,3.1206391668401237,2.499570092368124
467,4.661096371678922,5.614533253754828
468,0.7416374862877577,3.820036216317439
469,2.296061712239268,6.015419702234094
470,1.8109437367550283,5.445059749518766
471,2.875488156291508,5.28240539004237
472,4.061161556235723,3.4976160501726414
473,3.597302020870397,5.959851967543289
474,0.4890797363632781,3.7917423613546797
475,7.1178468218883335,6.263864335402511
476,7.834084467889541,5.170887816132268
477,4.4949573569448615,4.362408862522
478,7.834084467889541,5.170887816132268
479,7.000143121615332,4.672668309430641
480,2.1648497680628664,3.090865100146535
481,0.17203852837689115,-0.1269480313428198
482,-3.185750536099811,0.5709806047736904
483,-2.1803112245720127,0.21207073868495704
484,2.5243382552710227,0.41021116939553454
485,-3.6188354313180553,0.5924388165547476
486,0.12080585854732384,0.08208688970567815
487,-3.6916473142256234,2.2142302338958757
488,-3.4678699898545826,0.7126018339637012
489,-4.297072105467186,1.4145728578299248
490,-4.075704129421943,0.308261102373288
491,-2.850195225207823,0.8618069832061881
492,-2.780077064636908,0.783817532168194
493,-2.2458111194228607,1.2536800527352567
494,-0.06425113248058702,0.2094337501347908
495,-5.699159902187366,1.650101117043081
496,-2.0684731547330175,-0.8705662328791284
497,-4.0697696714175695,0.6150705338938879
498,-3.4333650090287153,1.161266722319912
499,4.644040655524092,0.5625486662970202
500,0.8542053602373832,-1.9031564457091332
501,0.6127064840514784,-3.233181945755443
502,1.2653428734665473,-5.009697914195333
503,1.1923054384453469,-4.053346067318224
504,4.010721857779816,-7.331625939301644
505,9.9759836873155,-8.079669399350468
506,1.9279325229056485,-3.7213218717693395
507,8.820226668543551,-10.279272603002832
508,-0.6346493603780219,-2.4510249614155892
509,0.1279182470784845,-5.414308290358717
510,2.2254459572785503,-3.144834020651198
511,-3.7924387739172767,-2.0393149771524417
512,-3.859557058562127,-2.212425264539242
513,-2.706113675881993,-2.796747166629569
514,3.665371584131193,-6.58579197562942
515,-3.381731791946744,-2.4557556265331826
516,0.4038271703267493,-4.360696594134109
517,-2.1079138010214717,-2.1782071955530746
518,-5.036198120287458,-1.8044113087044313
519,-1.7683533024765896,-4.072581994411181
520,0.8624988661420311,-3.8817953788848305
521,-5.440200012046603,0.46022191172338645
522,3.0153931254747293,-6.0893113751388155
523,-1.2210100591385713,-3.3022767613046975
524,-1.5443129877688955,-2.0513387616393626
525,0.30387982287743326,-3.982225789829671
526,7.740231482184622,-7.917365899586156
527,-3.646306798481278,-2.729259633170229
528,-1.9615477145268494,-3.949700751598186
529,-4.392401886490208,-2.2527699028165955
530,-0.390604743449667,-4.694738699145031
531,-3.362959330285488,-3.554160961730309
532,0.4017198301106446,-4.477378714806806
533,-1.0852665840673905,-2.848736033002713
534,-0.7993415940009962,-3.4999754126291274
535,-0.8417112518836014,-4.187494605945778
536,-0.4507798061650307,-3.7410563530904013
537,0.046797168615102816,-3.6525678574252085
538,-3.158337637655091,-2.7564407913639664
539,3.300944714394633,-3.979499751496153
540,1.5221403013785508,-3.8595613446509365
541,1.9785968233181062,-4.61506092039874
542,-0.17460113416288303,-3.455080982614703
543,0.013392267492360083,-3.6563073014448277
544,2.3671899896427364,-5.466145638877036
545,-1.491610422576515,-4.185863935721614
546,0.9752409236756092,-4.193083223778912
547,-4.60317916849493,-1.5808969396770036
548,-2.362339062457287,-3.856920447423374
549,5.404988467898193,-2.4177738586663122
550,-2.3304311416939614,2.3141226332801432
551,-1.250793795088844,-2.785925435023415
552,-0.5118747122972229,1.3756097315653755
553,-0.6791028680486759,-2.9256739205106173
554,-0.49425264681009184,-1.0761898410887558
555,-1.0562136871604721,-4.079340351731698
556,-1.4587078557214275,2.3864411490944795
557,0.9199133439218427,-3.704085444172891
558,-0.21240486854078594,-3.3339814148375684
559,2.2538074279325744,-0.7852605598807433
560,0.630870506975123,-2.7712079141149477
561,-2.2250419733675924,1.908412760788808
562,-1.4376682347000338,-1.7203938103803313
563,-2.354140041284066,1.3292998900908264
564,-3.608902324025573,0.041529285877263414
565,3.013488459490487,-3.9023964475331634
566,2.029430434565344,-4.247381524189109
567,1.2400545039597917,-3.6533671162311654
568,-0.526778177059766,-3.30580194399756
569,2.7443641513946084,-2.2325557070890327
570,2.301265325712876,-4.720711166001906
571,-1.773908985784174,-4.045354387867712
572,0.7690981440411058,-4.073267978556732
573,-0.6182042870587972,1.807106410568779
574,0.6994852913008428,0.481757566224243
575,-0.6970630127432572,1.3681787058940544
576,-0.29010954013204254,-1.2474891358558362
577,-0.43237174522137234,0.2553165568048225
578,1.3380797246323772,-0.028765893084047513
579,0.9203807652585814,-0.47643155171043094
580,-1.0347766094193558,0.5249655661259831
581,0.46019945061176387,2.3708554486173803
582,-0.7260621131727043,4.332379918196843
583,-1.1146452503414577,2.461779217891863
584,-1.2496998064060592,1.3851828971689497
585,-0.745625223300356,0.709202949708527
586,2.0543102493399745,2.287184216529776
587,3.2231403603476303,1.4084677961060397
588,3.8541804837904134,-0.9379016288159552
589,2.6649696803710867,-1.7764218851363316
590,-0.23453611124106513,-1.5628554116281608
591,6.283107716975963,0.47562048477652685
592,3.814815547989324,0.13435142973863476
593,0.6358228834814031,-1.2671633537828288
594,2.959466180701242,-5.433313627049394
595,-2.0457298366793353,-2.1997542782480406
596,1.1409604323562208,-2.71729568447619
597,3.1069148314914004,-5.130415737998848
598,-3.686546103845909,-1.2679332003629176
599,0.05487129464683351,-3.5253046726538178
600,-2.5891482987448593,2.882952707235713
601,-5.104597767151362,1.7104468574329634
602,-5.860662149382759,-0.07459058940686361
603,-6.875029255383622,1.385281725294365
604,-4.309715154848563,3.608829265058552
605,-5.315539507247038,-0.0557783958458605
606,-3.2314226761491978,1.3229533256190553
607,-6.067576122579358,1.9789033051940292
608,-0.0073686687607079455,2.718417846573068
609,-7.4034395530728645,3.100570724448312
610,-8.168360896902659,1.8325954252015126
611,-8.602073091939316,2.0763667477739585
612,-8.2517960990791,1.9116069430215226
613,-8.842822212813157,2.4648319464553445
614,-7.101973511495798,0.6857084597465707
615,-7.954597454728431,1.4223617274937956
616,-5.4498749319995,2.457944018604035
617,-8.208551928370397,1.655589503582071
618,-4.9297250025442505,-0.01725818857576784
619,-7.104448504153704,1.2652071924295392
620,-7.427881609814759,1.1389760821356976
621,-7.203192147703617,1.5515778164639016
622,-5.827438247995313,-0.03265795600982749
623,-6.564088682473424,2.2711468750399773
624,-5.8401931271874545,1.64529557554913
625,-4.807937487150005,0.19422114351947317
626,-7.443731256369544,0.6704897809507636
627,-7.408982039729521,0.9447506236358566
628,-8.28155468169223,1.3039892683234988
629,-5.778981421276085,1.0935865484032774
630,-4.618695986094436,0.4141548594404472
631,-6.120415771738053,1.6008189362001768
632,-6.148590645321562,0.11366862223806479
633,-3.5897679076233633,1.1828456360308903
634,-2.366686446272873,-0.8984851533189434
635,-5.288656922630651,2.957152236396385
636,-6.856628421242104,1.0870893452728496
637,-6.337033516937479,-0.5492213079217094
638,1.3617765999768854,1.4855367328675166
639,-2.9466042171774154,0.4251639842782928
640,-6.885932337439651,0.9914914430917133
641,-5.528291775890173,-0.7825499782438752
642,-6.625317289156628,-0.4973416808013682
643,-3.191345885229327,0.20407219522785588
644,-6.276339851155594,0.5074146164641947
645,-2.1134884332935395,-1.0700324186168564
646,-7.849730751000959,2.021586376395562
647,-6.260545498250743,2.037187741620146
648,-7.570295968447789,2.359894207767258
649,-8.044536788675563,2.6896680253357643
650,-6.464765603388762,2.9874578068204425
651,-6.496294559978112,3.481297919114527
652,-4.311348000140384,2.9433887983455036
653,-6.652358380286871,2.6539474972593333
654,-7.5060371526035325,2.9158324450073687
655,-6.633623002370531,2.79999888986406
656,-6.213960827073183,2.7023033590136567
657,-5.196395595999201,2.1749748440835956
658,-6.647044272581332,0.7124496831533151
659,-7.3702417285261,0.566401053671854
660,-7.702412630032152,0.4740739025749731
661,-6.885932337439651,0.9914914430917133
662,-5.528291775890173,-0.7825499782438752
663,-6.625317289156628,-0.4973416808013682
664,-3.191345885229327,0.20407219522785588
665,-6.276339851155594,0.5074146164641947
666,-2.1134884332935395,-1.0700324186168564
667,-5.2315088745567175,-0.03359556661755513
668,-5.1590020624585575,-0.08766049516778174
669,-4.7991418808686,-0.24447919594856177
670,-1.9556701220460084,-0.07770181300794722
671,-5.681945526505168,1.3512257521284157
672,-6.749404864301545,0.5407896957481807
673,-4.355227921442117,3.086617904397372
674,-5.290810242067497,0.7798457838769691
675,-3.6000828404094,2.2132708396769374
676,-5.185789335790128,0.614435681122237
677,-6.422681035181007,0.5848173576326341
678,-4.760723716551226,3.8556104347349387
679,-5.227794869709882,0.6019086477879554
680,-5.639824913016265,1.746785617287445
681,-6.943595697198653,0.41370519241503884
682,-6.538959404865537,0.11218578081580598
683,-6.18410675662631,0.9984631458318427
684,-4.229035215074349,2.2246527550076083
685,-4.7324375747225975,0.12820378629010531
686,-6.001456783275829,0.15907565309886132
687,-5.09467442405074,3.9659835401227053
688,-0.5361555618375653,-0.21000742374825856
689,-3.3415162778169494,0.6716263427265872
690,-5.2893356936889,-0.2927247227494968
691,-5.312373121149602,-0.8946442802712904
692,-4.5394421108364185,-1.0202890844200476
693,-7.646033855825499,0.2925466481429773
694,-2.366686446272873,-0.8984851533189434
695,-5.937282723388471,2.079643686170929
696,-3.968294819242515,2.7945483037882486
697,-3.986072211471723,0.9483877444507823
698,-2.989693028782713,1.5231720218904663
699,-4.036083381076726,1.8218761653877127
700,4.754599372404254,4.401066248516523
701,9.64504950078848,5.462505174952261
702,1.6522706951221595,4.246122456859344
703,2.733208988140586,0.4518979063869692
704,-0.22971268518871224,3.50232783186546
705,2.830960122429031,0.35720370247404093
706,0.03799985663820647,1.1308018748905855
707,10.920901096582815,-3.1072214999699104
708,1.1137884409263994,3.775534954091411
709,-0.10507359803893812,3.4969978038228064
710,2.17192958466374,1.2840092016834077
711,5.606455980296825,-3.0998032744840143
712,1.0923215925408718,1.4368516646695217
713,3.694048456789138,2.218332318871738
714,-0.8470202475691669,0.4272020631800277
715,2.276224055389857,4.337255412333075
716,3.169891858985864,4.324197935798375
717,-0.3583075233143389,2.53496879933003
718,2.3852980873016376,3.9463584343342752
719,3.3525497429652593,4.606850008302737
720,1.0612492565825336,5.288356222588266
721,0.2740799907549102,6.153766355958871
722,2.278066451170198,4.331984274518066
723,4.154171190186999,5.904527460366418
724,3.7716125203885484,4.266706373357861
725,4.947691440103621,3.5099973016341575
726,4.939334719332585,2.351447074731204
727,2.677887469112902,1.9107532226507682
728,1.0049634173089483,3.2124888772363147
729,1.7381724221005086,3.635822926690814
730,1.0646629631550906,3.7286476664434507
731,1.4287074220893716,3.6008835917762694
732,4.5304281451912125,5.758683921028876
733,1.4787533035254974,2.528609596730637
734,3.570985298570984,3.4883449180865433
735,0.6879374925544185,5.311296749612831
736,3.2778024402275747,5.559870882074509
737,1.6721563803947723,4.994862095326327
738,1.3560134668189425,3.981450839927667
739,4.087564596063166,6.997586151987165
740,1.663818526756186,0.00027753840244754336
741,6.236893713464229,-2.918859507748477
742,2.6824270318744667,4.006005904445519
743,1.2500002902974612,4.952639529871565
744,3.8907121310212522,4.218681162700213
745,6.56038604340715,4.3081231548888725
746,6.669839210824596,4.2548716905667705
747,4.986094710609803,3.880604058717949
748,1.6441285750426478,5.539841948103624
749,8.676863621213199,0.33894033699846327
750,4.8356769621504645,4.9945198815238685
751,3.589494159950556,6.182328545625222
752,6.171688726866115,7.760270466911165
753,16.286479020987382,-4.835452426869244
754,5.511248842692678,5.9827061140636
755,6.9372384920108106,7.277329940913401
756,7.703497543018315,7.688690519108379
757,5.860695951804494,7.973685967996581
758,6.539685749958477,2.7493264860686932
759,7.260473705529098,7.759679115558254
760,5.511248842692678,5.9827061140636
761,5.695312806256699,4.970424420025213
762,8.408277478796407,-0.5434977847838053
763,1.8840896675834757,-1.0794148866892261
764,11.007520115070456,0.622433413106254
765,2.7127546478571456,1.0721224705701753
766,3.7844430851617106,3.6708164373903793
767,4.483174896120353,4.7060919619532235
768,6.429161920743989,5.30423524847816
769,-2.208328994932508,3.1142167685550963
770,5.247982988346449,4.262463827162689
771,4.483174896120353,4.7060919619532235
772,-0.8268000228184549,3.181261190051313
773,1.409725850282886,5.623995045376542
774,8.653854693932363,5.690562297990532
775,2.6753061238560196,4.924764743606758
776,2.255321698108775,6.627536045855823
777,4.202073198705178,6.861257416263666
778,4.3106884240416665,5.436804783628696
779,1.7353946474261728,-0.027374389924224092
780,4.994333997410258,3.880185837154376
781,2.2545512117686655,-0.11552067162145914
782,0.08604429174764192,4.439253513025864
783,2.4047893699560623,1.323900141552646
784,8.834129057172023,5.656790528307224
785,5.768627353169379,2.733738823145207
786,-0.45833658682172645,3.3103764662893815
787,1.432397405706236,4.234202753767097
788,4.680167910010424,6.9762869077416285
789,5.355858694749943,5.1988026240193745
790,1.3560758041462604,4.302605623654907
791,2.8834647992683373,6.002056915981923
792,2.277067600895841,4.996514884739156
793,0.27361380113597167,3.810731723913454
794,2.8278679165216065,2.7955374777223563
795,3.9955771145617467,5.288610482257859
796,5.554572646024052,3.216959930379956
797,6.837653513598898,7.882685028449604
798,3.9622468194514626,3.544025023400325
799,4.397155527764881,2.2794084350243193
800,-0.5748643369397877,-1.630859393513669
801,-1.1364863982740374,-2.122374712299298
802,1.601238811450967,-1.5531958744345697
803,2.964464241593514,-0.41951825519463065
804,3.1017341989324687,-1.0363039197655313
805,1.277146863536154,-1.8179726961510747
806,3.107429396917524,-1.5063995204578973
807,3.348687794680461,-1.7110717590812634
808,3.481834665065567,-1.6837616754936666
809,4.109887302745456,-0.7917663203505924
810,1.6333406504598877,-2.140815580861809
811,-0.2451938926895548,-0.6775969725287868
812,2.5769004412046392,0.8558231137846325
813,4.45997702404493,-1.9146383811428294
814,4.688479247910168,0.19282871072418395
815,0.523317090362016,-0.28171856501693604
816,-4.756682024866787,0.4596955337859176
817,2.9446353987473928,-0.4476884375111901
818,1.528854452749253,-0.35153126897187353
819,3.880479174695216,0.3783606592650646
820,2.8840012644325634,-1.276190376072425
821,-3.1216490066214653,-0.17453811885140622
822,-3.2271998697594113,0.7894907767526559
823,-0.7969522259687954,1.0409763105030319
824,2.2595245697700608,-1.3943505206512439
825,3.6699818321378226,-0.8637822945685839
826,3.3820241816252703,-0.9250174549547064
827,3.409361235287009,0.4881733629447536
828,1.7747266506474373,0.5776414418139943
829,-1.5587049314028771,-0.529892826729941
830,1.4020444322817813,1.0662829208393414
831,1.8315886468757991,0.439458478328059
832,0.04278784447534246,-0.14567182562517433
833,1.4019051017743993,0.18940843907231505
834,1.4719341003704165,-0.9826185960007479
835,0.498986460608748,0.10308722804498141
836,2.9756995916660967,-0.2981470479060836
837,1.8966303469927326,0.6519886414269076
838,4.940885059365601,-2.4223789858264806
839,3.0869177299677304,1.0501286972698192
840,6.765334718801941,-3.0834754177000656
841,2.1925973438509825,0.05690478932492199
842,2.55896567966079,1.1313156336412502
843,-0.016315834508170986,-1.9559750236604176
844,1.8478519645003908,3.085789705137862
845,2.628114329849321,4.7901378623349915
846,1.4135924595359894,0.3084593226239305
847,3.1334825768826415,0.3419623670253908
848,0.45685764506665383,2.120390284652757
849,0.8145350881183341,1.6145893916631173
850,4.265989044014907,4.059267070210951
851,4.0813123563378175,8.743640332471479
852,4.3669423414075546,6.01020247714515
853,3.354326365212013,2.521556094274865
854,5.198573068680983,2.925016121536243
855,0.7946455053461167,2.729348544697398
856,3.899578385572091,0.7583622643251107
857,5.541860836473077,1.0117625184426884
858,5.471878573544855,1.7058714840298324
859,2.89338225484387,1.7422726753143025
860,2.238510939365733,-0.9292803386451527
861,5.140627305802116,2.994704186178141
862,3.791826553109041,1.9737062797392562
863,1.4275612417544914,0.4062951134042101
864,3.9605433416545788,4.872525553551568
865,4.832797467659235,4.337649214909914
866,1.727964910889239,-0.5921912763883352
867,0.7093836529422969,0.6486344712402968
868,3.666620666283216,0.7568555538910531
869,3.019287459797391,1.6367683082251123
870,3.5654459564550707,0.025898772040514183
871,6.169414687289703,4.616850429764436
872,6.034671616937112,3.0374108910984776
873,0.5812013034703034,2.902342866276033
874,0.5679547606134941,2.82199435961581
875,1.8502341166863858,1.7842154908103054
876,4.703841247212848,3.8299734591833383
877,0.045263356672365064,0.05708704145756345
878,3.4418505657006593,1.2713178168856292
879,0.8428608937799379,3.43998245645455
880,3.74541535897813,3.9593786199623686
881,4.34629803113366,3.9943378826246794
882,4.34629803113366,3.9943378826246794
883,6.196197388479603,-4.032297498167883
884,0.7102224621367067,-1.21222326289565
885,1.966058620934824,-0.7189223270678247
886,3.4810693834957234,13.000135569847979
887,7.2169646018250075,5.110612553562602
888,3.45958356248341,2.510504218915116
889,0.6791105785616719,-1.2884210583751878
890,3.4336595490068875,3.6498948810606935
891,1.0530368283783031,-0.10512025784305916
892,0.9120597629893825,-0.4625216437773032
893,6.212207307291559,0.9098692020379231
894,-0.6044829667588824,0.2163791456199551
895,-0.7756674014190992,2.1561527775619673
896,1.2484377609271102,0.3427667107643761
897,1.1491814013849746,-1.7209578420146252
898,0.6448957339684209,0.8825600090598343
899,-3.5551221368677983,1.4220185292133136
900,-2.3542836232195725,-0.6111016259595761
901,-2.0917916733402357,-0.7647996265603021
902,-0.991270879024132,0.4727843045699372
903,-0.7249367889617921,-0.4859264456232257
904,-1.6443552014047826,-0.6335998247316528
905,-2.4553024280643543,-1.0874665758710855
906,-0.9724573985210991,-1.8324155856999955
907,-1.4910380904366352,-1.7386685352149098
908,-6.225253414872597,0.03615047734175714
909,-0.21514631268664455,-1.4167514163736306
910,-3.1377365945123774,-0.3503610284609705
911,-1.3269784866011236,-1.6073113670847479
912,0.6014109972429835,-0.8978674283110953
913,0.5668147850262497,0.1920968221113468
914,3.939060480785569,-0.9200191175318451
915,2.2801678399110883,-0.38383469069420634
916,-6.647044272581332,0.7124496831533151
917,-6.267990747799363,0.010112759941681416
918,-4.856846321484939,0.5759925333506606
919,-5.3863767216735265,-0.4693204302150864
920,-4.6751801491105,-0.22899078280423144
921,-4.176250703930248,-0.48025722659527603
922,-4.80929956605966,-0.2818958206881546
923,-2.664586031091647,-1.0477569559883209
924,-5.465314882764347,-0.13489120921246256
925,-5.644590996421625,0.16892788070201797
926,-5.537575002988072,0.0269291803386248
927,-1.0427523108202363,0.6434530954788052
928,-1.9893648357946054,0.5435390220603927
929,-2.7496410630932866,1.5698789669104878
930,-0.4082507941373689,2.122489444484413
931,1.334814880004307,1.0151783863151858
932,-1.1018638708679118,1.714151676162508
933,-0.448633423101115,-1.4781724931360902
934,-2.241413938934818,2.498452038954715
935,-1.446860007422527,1.3973092518710066
936,-2.7354758881379673,3.3389460462467655
937,-2.0196685325829615,1.5753589017463503
938,0.7549393797440411,2.6853177954555116
939,-2.5827235317126473,2.1905480917536506
940,-0.16018958130082328,2.5193330659392053
941,-1.2623732986197624,2.784356863060727
942,-0.2610502904062358,2.6317832611985814
943,0.3404164666352381,2.0395064012989144
944,0.8187264872691425,-0.8291945754228611
945,-3.230029710961466,-2.4340903613387863
946,-0.6379246447603096,0.8186165108397827
947,0.6578117541595926,2.6649489124415298
948,-1.7314667217223867,-2.2985922162081045
949,2.4403373918877818,1.8904888948866847
950,0.8928590060631496,1.352883118602544
951,0.42787146962948963,2.834665541467018
952,5.947888721054164,1.8686957224734273
953,-2.313216420730923,3.9908305244583566
954,1.9539546252729314,0.37685231147552556
955,-1.1632643790479777,0.5061418855117633
956,-2.4231380944695697,4.105111424909699
957,-0.8666729151856962,2.912884266255583
958,1.5324978433745076,0.3051208426994146
959,1.9425215921551555,0.9809277389752149
960,0.19674930236818108,1.920084348364883
961,2.823398896599508,-0.42880093108741346
962,2.652731111213686,1.4116604033036608
963,8.620301095994812,-0.49399942451981776
964,-4.37726876119392,-1.1753076031121876
965,-4.241976143839581,-0.4381259206009268
966,0.4875557255729118,-1.6032046198406296
967,-3.0587768043244017,0.04615617165570942
968,-5.763880175692413,-0.2168406240734054
969,-1.5527929034453072,-1.678573976422667
970,-1.1947088007281434,-1.4970406697788328
971,-4.35124996538802,0.4237855140601776
972,-3.785097839395188,0.3782690043604552
973,-5.792811571899165,0.8182221895481259
974,-5.061294513817062,0.09170520237113246
975,-2.863538014137776,-0.024911295826420075
976,-1.3112909201968888,-0.9913660664883631
977,-4.402743159310201,0.3069924521156145
978,-1.7360177475152925,-0.26484308022411895
979,-5.07480398426888,-0.9997971072533663
980,-4.8290616257296755,-0.5899941120715758
981,-2.477394860437549,-0.7086998194198088
982,-4.746799390452461,0.0553364752144064
983,-5.62469126888012,-0.9610023594099556
984,-4.688838998712681,-0.18714336169454351
985,0.7722190699135112,-2.835682969535697
986,-0.810367453891551,-0.29845630852534005
987,-7.009556415532713,0.17520739139687438
988,-2.9605575787815477,-0.7987023155153976
989,-1.9888433067670568,-2.089874449765709
990,-0.29764510361767266,-3.4727471057369854
991,-7.483899784121006,0.22523944742259194
992,-8.172612257258788,-0.5443380112721321
993,-5.098107016501796,-1.5781116636180306
994,-7.69943151150135,-0.1950383600902207
995,-4.864833740350522,-1.5245503930609114
996,-5.856512064339699,-1.3759769565588091
997,-5.947644419405609,-1.2782674284709188
998,-0.8094929422564404,-1.9688648506387239
999,-1.304101787253007,-2.111252376774276
